version,episode_id,result,margin,our_reward,opp_reward,opponent,opp_rating_before,our_seat,opp_type,opp_group,farm_similarity_d12,farm_similarity_d6,farm_similarity_d15,town,cash_lead_start_d24,cash_lead_start_d29,gap_wheat,gap_carrot,gap_tomato,gap_strawberry,gap_melon,gap_egg,gap_milk,gap_wool,gap_fertilizer,gap_seed,gap_anim,gap_wage,gap_land,farm_d15_us,farm_d15_them,farm_d21_us,farm_d21_them,land_us,land_them,file,kaggle_viewer
v23_mkt3,113624741,L,-29970,121128,151098,MacCook,2610.3,0,copy_then_diverged,own plan from d6-11,0.31,0.91,0.34,Yarn Yarn Yarn Smo Bak Smo Bru Smo,-26449,-32829,3365,1894,-2052,5916,5964,0,3458,-40403,-3198,-1810,3600,-2704,-4000,Wh24 St33 Cow6 Sh17 q4,Wh27 To3 St12 Cow5 Sh25 q3,Wh23 St33 Me3 Cow6 Sh17 q4,Wh33 To5 St6 Cow5 Sh24 q3,"NE@d6,SW@d11,SE@d11","NE@d6,SW@d9",v23_mkt3/losses/113624741_vs_MacCook.json.gz,https://www.kaggle.com/competitions/kaggriculture/submissions?dialog=episodes-episode-113624741
v23_mkt3,113737446,L,-21195,53313,74508,Aaweg,2725.7,1,different,own agent,0.59,0.88,0.63,Bak Yarn Bru Bak Bak Ice Smo Piz,-17573,-20275,-15475,1714,0,-774,5022,-2674,-1525,-11031,1350,-310,600,1908,0,Wh24 St33 Cow6 Sh11 q3,Wh32 St21 Me3 Cow6 Sh11 Go1 q3,Wh18 St33 Me4 Cow6 Sh11 q3,Wh43 St14 Cow5 Sh11 Go1 q3,"NE@d6,SW@d11","NE@d6,SW@d9",v23_mkt3/losses/113737446_vs_Aaweg.json.gz,https://www.kaggle.com/competitions/kaggriculture/submissions?dialog=episodes-episode-113737446
v23_mkt3,113646140,L,-12372,79062,91434,Yoshiki_Nakamura,2566.7,1,copy,own plan from d6-11,0.88,0.98,0.88,Piz Piz Bru Bru Bru Bak Bak Pet,-17631,-13373,6189,-2705,5907,-2645,0,-5614,-8280,-276,-4920,100,1000,-1128,0,Wh24 St30 Cow9 Sh4 q3,Wh24 St33 Cow9 Sh5 Go3 q3,Wh25 To20 St30 Cow9 Sh4 q4,Wh25 To10 St33 Cow9 Sh5 Go3 q4,"NE@d6,SW@d11,SE@d18","NE@d6,SW@d11,SE@d18",v23_mkt3/losses/113646140_vs_Yoshiki_Nakamura.json.gz,https://www.kaggle.com/competitions/kaggriculture/submissions?dialog=episodes-episode-113646140
v23_mkt3,113669672,L,-12142,76895,89037,istinetz,2695.5,0,different,own agent,0.6,0.89,0.49,Yarn FM Bak FM Pet Bak FM Ice,-9917,-12627,-3662,-611,-8965,-1446,5705,0,1763,-9129,773,-490,1200,2720,0,Wh24 St33 Cow6 Sh11 q3,Wh15 To12 St23 Me2 Cow4 Sh15 q3,Wh1 Ca19 To2 St33 Me3 Cow6 Sh11 q3,Wh16 Ca9 To15 St14 Cow4 Sh15 q3,"NE@d6,SW@d11","NE@d6,SW@d9",v23_mkt3/losses/113669672_vs_istinetz.json.gz,https://www.kaggle.com/competitions/kaggriculture/submissions?dialog=episodes-episode-113669672
v23_mkt3,113740109,L,-11963,100433,112396,3정훈,2690.4,0,copy,copy (identical through d15),1.0,1.0,1.0,Yarn Bru Pet Piz Yarn Pet Ice Bak,-930,-8823,-8395,-769,-8399,3101,-2208,0,549,-1983,3109,1160,0,1872,0,Wh24 St33 Cow6 Sh11 q3,Wh24 St33 Cow6 Sh11 q3,Wh18 Ca7 St33 Cow6 Sh11 q3,Wh29 Ca7 To16 St2 Me4 Cow6 Sh11 q3,"NE@d6,SW@d11","NE@d6,SW@d11",v23_mkt3/losses/113740109_vs_team16723620.json.gz,https://www.kaggle.com/competitions/kaggriculture/submissions?dialog=episodes-episode-113740109
v23_mkt3,113723941,L,-11665,84700,96365,Breaking1800,2714.0,1,copy_then_diverged,own plan from d6-11,0.26,0.91,0.26,Bak Piz Yarn Bru Smo Yarn Yarn Smo,-4515,-14999,-4441,-111,-13141,-5733,7532,-7092,1182,-2273,954,1200,2100,4158,4000,Wh23 St33 Cow8 Sh9 q3,Wh27 To13 St30 Cow9 Sh9 Go4 q4,Wh19 St33 Me4 Cow8 Sh9 q3,Wh24 To26 St20 Cow9 Sh9 Go4 q4,"NE@d6,SW@d11","NE@d6,SW@d9,SE@d10",v23_mkt3/losses/113723941_vs_Breaking1800.json.gz,https://www.kaggle.com/competitions/kaggriculture/submissions?dialog=episodes-episode-113723941
v23_mkt3,113647238,L,-10817,104195,115012,Zain96,2550.6,0,copy_then_diverged,own plan from d6-11,0.55,0.92,0.56,Piz Smo FM Piz Yarn Yarn Bru Ice,-9246,-13122,-6052,425,3760,-3643,4779,2153,-9704,-5148,-2644,-620,3900,1977,0,Wh24 St33 Cow9 Sh5 Go3 q3,Wh18 To2 St27 Cow17 Sh7 Go2 q3,Wh7 To16 St33 Me2 Cow9 Sh5 Go3 q3,Wh16 To11 St21 Cow17 Sh7 Go2 q3,"NE@d6,SW@d11","NE@d6,SW@d9",v23_mkt3/losses/113647238_vs_Zain96.json.gz,https://www.kaggle.com/competitions/kaggriculture/submissions?dialog=episodes-episode-113647238
v23_mkt3,113620813,L,-10443,107299,117742,codex是我的鲸鱼,2474.4,0,copy_then_diverged,"copy, we diverged first (annex)",1.0,1.0,0.7,Bru Smo Smo Yarn Piz Yarn Bak Bak,-15992,-9831,5078,-2006,0,794,0,220,-1756,6729,-2254,-700,-3000,-9548,-4000,Wh30 St42 Cow8 Sh6 Go3 q4,Wh24 St33 Cow8 Sh6 Go3 q3,Wh29 St41 Cow8 Sh11 Go3 q4,Wh25 St33 Cow8 Sh6 Go3 q3,"NE@d6,SW@d11,SE@d12","NE@d6,SW@d11",v23_mkt3/losses/113620813_vs_codex.json.gz,https://www.kaggle.com/competitions/kaggriculture/submissions?dialog=episodes-episode-113620813
v23_mkt3,113708152,L,-9890,159408,169298,Smackaveli,2727.2,0,different,own agent,0.54,0.86,0.54,Ice Smo Smo Piz FM Ice Bru Smo,-13466,-7036,-4754,-49,8132,-17835,3081,-8193,9622,-2282,-215,610,-300,2293,0,Wh24 St33 Cow12 Sh5 q3,Wh10 St43 Me4 Cow10 Sh3 Go5 q3,Wh9 To14 St33 Me2 Cow12 Sh5 q3,Wh18 St39 Cow10 Sh3 Go5 q3,"NE@d6,SW@d11","NE@d6,SW@d8",v23_mkt3/losses/113708152_vs_Smackaveli.json.gz,https://www.kaggle.com/competitions/kaggriculture/submissions?dialog=episodes-episode-113708152
v23_mkt3,113675477,L,-9720,77571,87291,forever young,2707.2,0,copy,copy (identical through d15),1.0,1.0,1.0,Bak FM Bru Pet FM Bru Piz Pet,-9192,-9157,-4658,-221,1725,-771,0,-239,31,33,2110,-240,0,-3490,-4000,Wh24 St33 Cow6 Sh6 Go5 q3,Wh24 St33 Cow6 Sh6 Go5 q3,Wh25 To15 St33 Cow6 Sh6 Go5 q4,Wh15 To10 St33 Cow6 Sh6 Go5 q3,"NE@d6,SW@d11,SE@d18","NE@d6,SW@d11",v23_mkt3/losses/113675477_vs_forever-young.json.gz,https://www.kaggle.com/competitions/kaggriculture/submissions?dialog=episodes-episode-113675477
v23_mkt3,113638947,L,-8907,103829,112736,Pico,2624.9,1,different,own agent,0.49,0.59,0.51,FM Yarn Piz Piz Piz Bru Yarn FM,-9655,-7951,3587,-1653,-14482,-1835,5771,-5336,964,4557,-3566,110,400,2576,0,Wh24 St33 Cow6 Sh11 q3,Wh9 Ca1 To14 St24 Me8 Cow6 Sh10 Go3 q3,Wh8 To16 St33 Me1 Cow6 Sh11 q3,Wh11 To26 St19 Cow6 Sh10 Go3 q3,"NE@d6,SW@d11","NE@d5,SW@d8",v23_mkt3/losses/113638947_vs_Pico.json.gz,https://www.kaggle.com/competitions/kaggriculture/submissions?dialog=episodes-episode-113638947
v23_mkt3,113640096,L,-6958,93835,100793,Yizhou,2633.6,0,copy_then_diverged,own plan from d6-11,0.39,0.91,0.36,Bru Smo Bak Yarn Smo Pet FM FM,-3477,-7173,-9253,609,-5487,-6405,7403,-6121,1934,1475,747,890,1100,2150,4000,Wh24 St33 Cow8 Sh6 Go3 q3,Wh34 To3 St32 Cow9 Sh5 Go7 q4,Wh20 St33 Me4 Cow8 Sh6 Go3 q3,Wh33 Ca2 To12 St22 Cow8 Sh5 Go7 q4,"NE@d6,SW@d11","NE@d6,SW@d9,SE@d10",v23_mkt3/losses/113640096_vs_Yizhou.json.gz,https://www.kaggle.com/competitions/kaggriculture/submissions?dialog=episodes-episode-113640096
v23_mkt3,113752335,L,-6569,128154,134723,摆烂小分队 🏆,2699.5,1,copy_then_diverged,own plan from d6-11,0.52,1.0,0.53,FM Yarn Yarn Yarn Bru FM Ice Smo,-11633,-10063,-12558,3328,-4467,7456,1227,-1285,5044,208,1250,-810,300,-2262,-4000,Wh24 St33 Cow6 Sh17 q4,Wh21 To7 St21 Cow5 Sh19 Go1 q3,Wh8 Ca8 To8 St33 Me2 Cow6 Sh21 q4,Wh14 Ca3 To14 St21 Sh20 Go1 q3,"NE@d6,SW@d11,SE@d11","NE@d6,SW@d11",v23_mkt3/losses/113752335_vs_team16695046.json.gz,https://www.kaggle.com/competitions/kaggriculture/submissions?dialog=episodes-episode-113752335
v23_mkt3,113633403,L,-6422,111063,117485,d_tree_love,2623.8,1,copy_then_diverged,"copy, we diverged first (annex)",1.0,1.0,0.7,Ice Bru Ice Yarn Pet Piz FM Smo,-8996,-6917,2260,63,0,5320,-1165,133,-1906,4304,-707,-930,-2000,-7794,-4000,Wh30 St42 Cow9 Sh9 Go3 q4,Wh24 St33 Cow9 Sh5 Go3 q3,Wh28 St42 Cow9 Sh9 Go3 q4,Wh23 St33 Me2 Cow9 Sh5 Go3 q3,"NE@d6,SW@d11,SE@d12","NE@d6,SW@d11",v23_mkt3/losses/113633403_vs_d_tree_love.json.gz,https://www.kaggle.com/competitions/kaggriculture/submissions?dialog=episodes-episode-113633403
v23_mkt3,113657899,L,-5714,80372,86086,ra5anchor,2679.4,0,copy_then_diverged,own plan from d6-11,0.31,0.91,0.26,Piz Piz Pet Bru Smo Yarn Yarn Pet,-8104,-8367,-21271,6196,-2668,-3920,7287,548,-6337,5494,-415,320,1800,3252,4000,Wh24 St33 Cow9 Sh5 Go3 q3,Wh32 To10 St28 Cow16 Sh3 Go3 q4,Ca7 To14 St33 Me4 Cow9 Sh5 Go3 q3,Wh29 To17 St22 Cow16 Sh3 Go3 q4,"NE@d6,SW@d11","NE@d6,SW@d9,SE@d10",v23_mkt3/losses/113657899_vs_ra5anchor.json.gz,https://www.kaggle.com/competitions/kaggriculture/submissions?dialog=episodes-episode-113657899
v23_mkt3,113701612,L,-5495,110266,115761,Dipam Chakraborty,2709.3,0,different,own agent,0.61,0.88,0.66,Yarn Smo Ice FM Pet Piz Ice FM,-4707,-8506,2583,-2823,4902,-1670,-16,0,-7770,-4668,-2339,970,2100,3236,0,Wh24 St33 Cow6 Sh11 q3,Wh16 St35 Cow10 Sh12 q3,Wh12 Ca2 To8 St33 Me2 Cow6 Sh11 q3,Wh13 Ca7 St31 Cow10 Sh11 q3,"NE@d6,SW@d11","NE@d6,SW@d9",v23_mkt3/losses/113701612_vs_Dipam-Chakraborty.json.gz,https://www.kaggle.com/competitions/kaggriculture/submissions?dialog=episodes-episode-113701612
v23_mkt3,113675563,L,-4016,91122,95138,Gleb Tumanov,2627.2,1,copy_then_diverged,"copy, we diverged first (annex)",0.96,1.0,0.66,Bru Bru FM Smo Bak Pet Piz Bak,-3409,-2373,1651,-2981,1064,4541,-346,-3598,686,-1090,-477,-930,600,864,-4000,Wh21 St51 Cow6 Sh6 Go5 q4,Wh20 St37 Cow4 Sh7 Go6 q3,Wh19 To2 St51 Cow6 Sh6 Go5 q4,Wh20 Ca1 St37 Cow4 Sh5 Go8 q3,"NE@d6,SW@d11,SE@d12","NE@d6,SW@d11",v23_mkt3/losses/113675563_vs_Gleb-Tumanov.json.gz,https://www.kaggle.com/competitions/kaggriculture/submissions?dialog=episodes-episode-113675563
v23_mkt3,113708805,L,-3402,103229,106631,ActiveMusyoku,2703.5,1,copy_then_diverged,own plan from d6-11,0.6,0.9,0.6,Yarn Smo Pet Pet Yarn Bru Bak Pet,-10283,-6705,-14131,3707,-2646,-3699,917,-1807,5625,13006,5605,-760,-3300,-1919,-4000,Wh24 St33 Cow6 Sh11 q3,Wh22 Ca10 To2 St22 Cow7 Sh9 Go1 q3,Ca24 St33 Me3 Cow6 Sh17 q4,Wh22 Ca12 To7 St14 Me1 Cow7 Sh9 Go1 q3,"NE@d6,SW@d11,SE@d17","NE@d6,SW@d9",v23_mkt3/losses/113708805_vs_ActiveMusyoku.json.gz,https://www.kaggle.com/competitions/kaggriculture/submissions?dialog=episodes-episode-113708805
v23_mkt3,113745971,L,-3061,143439,146500,emreaydin,2583.0,1,copy_then_diverged,"copy, left tape d12-15",1.0,1.0,0.75,Piz Piz Smo Smo Ice Yarn Smo FM,14216,-5223,-1173,-1665,-14692,354,1151,0,-10880,12186,1374,1270,1600,3414,4000,Wh24 St33 Cow12 Sh5 q3,Wh24 St33 Cow16 Sh5 q4,Wh19 To4 St33 Me2 Cow12 Sh5 q3,Wh19 To27 St33 Cow16 Sh5 q4,"NE@d6,SW@d11","NE@d6,SW@d11,SE@d12",v23_mkt3/losses/113745971_vs_emreaydin.json.gz,https://www.kaggle.com/competitions/kaggriculture/submissions?dialog=episodes-episode-113745971
v23_mkt3,113670847,L,-2915,86445,89360,xi luo,2643.0,1,copy,copy (identical through d15),1.0,1.0,1.0,Yarn FM Bak Smo Pet Ice Smo FM,1536,-1231,-3276,4426,-4822,1110,0,-1303,-474,-1914,1793,250,300,995,0,Wh24 St33 Cow6 Sh11 q3,Wh24 St33 Cow6 Sh11 q3,Wh25 St33 Cow6 Sh11 q3,Wh16 To8 St33 Cow6 Sh11 Go1 q3,"NE@d6,SW@d11","NE@d6,SW@d11",v23_mkt3/losses/113670847_vs_xi-luo.json.gz,https://www.kaggle.com/competitions/kaggriculture/submissions?dialog=episodes-episode-113670847
v23_mkt3,113642495,L,-2366,74426,76792,Civitasmass,2640.5,1,copy,copy (identical through d15),1.0,1.0,1.0,Yarn Bru Pet Bak Ice Pet Ice Bak,-1399,-38,-433,-752,0,-265,0,0,-144,-1934,397,210,0,555,0,Wh24 St33 Cow6 Sh11 q3,Wh24 St33 Cow6 Sh11 q3,Wh25 St33 Cow6 Sh11 q3,Wh23 Ca2 St33 Cow6 Sh11 q3,"NE@d6,SW@d11","NE@d6,SW@d11",v23_mkt3/losses/113642495_vs_Civitasmass.json.gz,https://www.kaggle.com/competitions/kaggriculture/submissions?dialog=episodes-episode-113642495
v23_mkt3,113629510,L,-2029,109365,111394,QQ Farming,2655.7,0,copy_then_diverged,own plan from d6-11,0.6,0.92,0.59,Bru Smo Bak Bru Smo FM Ice Bru,-697,1745,5627,-2368,-5432,-7353,3304,-3980,5685,-1823,2926,820,-200,765,0,Wh24 St33 Cow8 Sh6 Go3 q3,Wh9 Ca6 To6 St37 Cow8 Sh5 Go4 q3,Wh21 St32 Me2 Cow8 Sh6 Go3 q3,Wh13 To12 St29 Me4 Cow8 Sh5 Go4 q3,"NE@d6,SW@d11","NE@d6,SW@d9",v23_mkt3/losses/113629510_vs_QQ-Farming.json.gz,https://www.kaggle.com/competitions/kaggriculture/submissions?dialog=episodes-episode-113629510
v23_mkt3,113660258,L,-1914,75510,77424,Ebi,2667.3,0,different,own agent,0.45,0.63,0.42,Pet Piz Bru Yarn Pet Pet Pet FM,-476,1976,-6417,383,-5468,-27,5618,-5101,392,4607,401,-750,200,4248,0,Wh24 St33 Cow8 Sh6 Go3 q3,Wh9 Ca3 To8 St19 Me4 Cow5 Sh7 Go6 q3,Wh6 Ca17 St33 Me2 Cow8 Sh6 Go3 q3,Wh6 Ca17 To6 St19 Me1 Cow5 Sh7 Go6 q3,"NE@d6,SW@d11","NE@d5,SW@d7",v23_mkt3/losses/113660258_vs_Ebi.json.gz,https://www.kaggle.com/competitions/kaggriculture/submissions?dialog=episodes-episode-113660258
v23_mkt3,113663761,L,-1759,89027,90786,URAD,2635.0,1,copy,copy (identical through d15),0.96,1.0,0.96,Smo Ice Pet Bak Yarn Piz Pet Bak,-1953,-630,105,1167,0,-98,0,-4802,1314,78,-206,140,-300,843,0,Wh24 St33 Cow12 Sh5 q3,Wh24 St33 Cow9 Sh5 Go3 q3,Wh25 St33 Cow12 Sh5 q3,Wh25 St33 Cow9 Sh5 Go3 q3,"NE@d6,SW@d11","NE@d6,SW@d11",v23_mkt3/losses/113663761_vs_URAD.json.gz,https://www.kaggle.com/competitions/kaggriculture/submissions?dialog=episodes-episode-113663761
v23_mkt3,113726249,L,-1644,80592,82236,fasith 007,2644.9,0,copy,copy (identical through d15),1.0,1.0,1.0,Pet Bru Yarn Bru FM Piz FM Ice,-825,1217,-351,1892,0,-1644,0,-29,-97,-1459,-638,140,0,542,0,Wh24 St33 Cow6 Sh9 Go2 q3,Wh24 St33 Cow6 Sh9 Go2 q3,Wh24 Ca1 St33 Cow6 Sh9 Go2 q3,Wh23 Ca2 St33 Cow6 Sh9 Go2 q3,"NE@d6,SW@d11","NE@d6,SW@d11",v23_mkt3/losses/113726249_vs_fasith-007.json.gz,https://www.kaggle.com/competitions/kaggriculture/submissions?dialog=episodes-episode-113726249
v23_mkt3,113634243,L,-1607,93111,94718,lumen,2647.1,1,copy,copy (identical through d15),1.0,1.0,1.0,Yarn Bru Bru Smo Pet Piz Smo Pet,-57,-456,-3049,-1676,0,-214,0,0,-637,-252,1875,380,0,1966,0,Wh24 St33 Cow6 Sh11 q3,Wh24 St33 Cow6 Sh11 q3,Wh25 St33 Cow6 Sh11 q3,Wh25 St33 Cow6 Sh11 q3,"NE@d6,SW@d11","NE@d6,SW@d11",v23_mkt3/losses/113634243_vs_lumen.json.gz,https://www.kaggle.com/competitions/kaggriculture/submissions?dialog=episodes-episode-113634243
v23_mkt3,113745999,L,-978,91548,92526,len8487,2632.0,1,copy,copy (identical through d15),1.0,1.0,1.0,Yarn Yarn Ice Bak Pet Ice FM Piz,-1642,736,951,-743,0,-63,0,0,551,-2775,-7,270,0,838,0,Wh24 St33 Cow6 Sh17 q4,Wh24 St33 Cow6 Sh17 q4,Wh25 St33 Cow6 Sh17 q4,Wh25 St33 Cow6 Sh17 q4,"NE@d6,SW@d11,SE@d11","NE@d6,SW@d11,SE@d11",v23_mkt3/losses/113745999_vs_len8487.json.gz,https://www.kaggle.com/competitions/kaggriculture/submissions?dialog=episodes-episode-113745999
v23_mkt3,113770998,L,-917,87384,88301,Lucien de Rubempre,2655.4,0,copy_then_diverged,own plan from d6-11,0.24,0.91,0.21,Bak FM FM Bak Yarn Pet Yarn FM,-1215,-3624,-13224,-1194,-15280,-2705,6888,-7901,1012,20045,1958,1340,400,3744,4000,Wh24 St33 Cow6 Sh6 Go5 q3,Wh33 Ca1 To19 St26 Cow7 Sh3 Go10 q4,Wh9 Ca11 St33 Me4 Cow6 Sh6 Go5 q3,Wh31 Ca8 To23 St16 Cow7 Sh3 Go10 q4,"NE@d6,SW@d11","NE@d6,SW@d9,SE@d10",v23_mkt3/losses/113770998_vs_Lucien-de-Rubempre.json.gz,https://www.kaggle.com/competitions/kaggriculture/submissions?dialog=episodes-episode-113770998
v23_mkt3,113673212,L,-785,85515,86300,len8487,2596.9,1,copy,copy (identical through d15),0.99,1.0,0.96,Pet Bru FM Bak Bru FM Ice Bru,-1471,899,-107,-1836,0,1972,0,-1698,-69,4,55,300,-100,694,0,Wh24 St33 Cow6 Sh6 Go5 q3,Wh21 Ca3 St33 Cow5 Sh6 Go6 q3,Wh24 Ca1 St33 Cow6 Sh6 Go5 q3,Wh23 Ca2 St33 Cow5 Sh6 Go6 q3,"NE@d6,SW@d11","NE@d6,SW@d11",v23_mkt3/losses/113673212_vs_len8487.json.gz,https://www.kaggle.com/competitions/kaggriculture/submissions?dialog=episodes-episode-113673212
v23_mkt3,113653439,L,-749,103550,104299,Grim Reaper,2519.2,1,copy_then_diverged,"copy, we diverged first (annex)",1.0,1.0,0.65,FM Ice Ice Piz Pet Pet Bak Pet,-7270,-1341,-15030,11912,11661,3336,0,-7,-550,-994,-2447,-1970,0,-2660,-4000,Wh20 To10 St42 Cow8 Sh6 Go3 q4,Wh24 St33 Cow8 Sh6 Go3 q3,Wh1 Ca9 To20 St42 Cow8 Sh6 Go3 q4,Wh25 St33 Cow8 Sh6 Go3 q3,"NE@d6,SW@d11,SE@d12","NE@d6,SW@d11",v23_mkt3/losses/113653439_vs_Grim-Reaper.json.gz,https://www.kaggle.com/competitions/kaggriculture/submissions?dialog=episodes-episode-113653439
v23_mkt3,113668421,L,-664,93862,94526,Civitasmass,2633.5,0,copy_then_diverged,"copy, left tape d12-15",1.0,1.0,0.75,Pet FM Piz Bru Ice Ice Pet Yarn,1906,2652,-10414,1698,-4615,-885,1257,1555,2012,244,599,670,0,3215,4000,Wh24 St33 Cow4 Sh6 Go7 q3,Wh24 To10 St33 Cow4 Sh6 Go7 q4,Ca11 To12 St33 Me2 Cow4 Sh6 Go7 q3,Wh24 Ca1 To20 St33 Cow4 Sh6 Go7 q4,"NE@d6,SW@d11","NE@d6,SW@d11,SE@d13",v23_mkt3/losses/113668421_vs_Civitasmass.json.gz,https://www.kaggle.com/competitions/kaggriculture/submissions?dialog=episodes-episode-113668421
v23_mkt3,113650805,L,-355,60379,60734,emreaydin,2622.5,0,copy,copy (identical through d15),1.0,1.0,1.0,Bak Bak Ice Pet Bak Smo Bru Bru,-848,1952,2059,-2234,0,819,0,133,-458,-70,-1013,380,0,29,0,Wh24 St33 Cow6 Sh6 Go5 q3,Wh24 St33 Cow6 Sh6 Go5 q3,Wh25 St33 Cow6 Sh6 Go5 q3,Wh25 St33 Cow6 Sh6 Go5 q3,"NE@d6,SW@d11","NE@d6,SW@d11",v23_mkt3/losses/113650805_vs_emreaydin.json.gz,https://www.kaggle.com/competitions/kaggriculture/submissions?dialog=episodes-episode-113650805
v23_mkt3,113720356,L,-272,140129,140401,SJY321,2589.9,1,copy,copy (identical through d15),1.0,1.0,1.0,Smo Smo Yarn FM Ice Piz FM Bru,-93,2348,-341,-818,0,-488,0,0,200,264,-175,390,0,696,0,Wh24 St33 Cow8 Sh9 q3,Wh24 St33 Cow8 Sh9 q3,Wh25 St33 Cow8 Sh9 q3,Wh25 St33 Cow8 Sh9 q3,"NE@d6,SW@d11","NE@d6,SW@d11",v23_mkt3/losses/113720356_vs_SJY321.json.gz,https://www.kaggle.com/competitions/kaggriculture/submissions?dialog=episodes-episode-113720356
v23_mkt3,113649337,L,-50,90675,90725,in blue,2582.3,0,copy,copy (identical through d15),1.0,1.0,1.0,Bru Smo Bak Ice Bak Pet Bru Bru,-514,2761,3006,-3160,0,-140,0,178,-59,-86,-459,410,0,260,0,Wh24 St33 Cow8 Sh6 Go3 q3,Wh24 St33 Cow8 Sh6 Go3 q3,Wh25 St33 Cow8 Sh6 Go3 q3,Wh25 St33 Cow8 Sh6 Go3 q3,"NE@d6,SW@d11","NE@d6,SW@d11",v23_mkt3/losses/113649337_vs_in-blue.json.gz,https://www.kaggle.com/competitions/kaggriculture/submissions?dialog=episodes-episode-113649337
v23_mkt3,113628315,W,56,76744,76688,sdy623,2439.2,1,copy,copy (identical through d15),1.0,1.0,1.0,Yarn Bak Smo Bak Ice Bak Bak Yarn,224,1536,3023,-1797,0,-133,0,0,673,-2756,-258,380,0,924,0,Wh24 St33 Cow6 Sh11 q3,Wh24 St33 Cow6 Sh11 q3,Wh25 St33 Cow6 Sh11 q3,Wh25 St33 Cow6 Sh11 q3,"NE@d6,SW@d11","NE@d6,SW@d11",v23_mkt3/wins/113628315_vs_sdy623.json.gz,https://www.kaggle.com/competitions/kaggriculture/submissions?dialog=episodes-episode-113628315
v23_mkt3,113666109,W,105,89288,89183,Lucas Boesen,2662.0,1,different,own agent,0.54,0.81,0.51,FM Smo Pet Yarn Piz Bak Smo FM,995,-876,-10028,665,1763,-14172,18372,986,2937,-4060,2806,240,-300,896,0,Wh24 St33 Cow8 Sh6 Go3 q3,Wh15 Ca1 St39 Me4 Cow8 Sh6 Go2 q3,To16 St33 Me9 Cow8 Sh6 Go3 q3,Wh2 To13 St32 Me12 Cow8 Sh6 Go2 q3,"NE@d6,SW@d11","NE@d7,SW@d10",v23_mkt3/wins/113666109_vs_Lucas-Boesen.json.gz,https://www.kaggle.com/competitions/kaggriculture/submissions?dialog=episodes-episode-113666109
v23_mkt3,113674419,W,468,67635,67167,mikelou1,2597.6,0,copy,copy (identical through d15),0.94,1.0,0.93,Pet Smo Bak Pet Piz Smo Ice Bru,-1108,2927,-1593,1606,0,-716,0,814,-412,-72,97,50,0,694,0,Wh24 St33 Cow8 Sh6 Go3 q3,Wh17 Ca6 St33 Cow8 Sh6 Go3 q3,Wh24 Ca1 St33 Cow8 Sh6 Go3 q3,Wh25 St33 Cow8 Sh6 Go3 q3,"NE@d6,SW@d11","NE@d6,SW@d11",v23_mkt3/wins/113674419_vs_mikelou1.json.gz,https://www.kaggle.com/competitions/kaggriculture/submissions?dialog=episodes-episode-113674419
v23_mkt3,113687700,W,616,114062,113446,摆烂小分队 🏆,2676.6,0,copy_then_diverged,own plan from d6-11,0.77,1.0,0.79,FM Bru Bak Yarn Ice Bru Smo FM,4491,6897,-7901,964,-158,6012,-1064,-3265,619,2296,-19,60,1200,1872,0,Wh24 St33 Cow6 Sh6 Go5 q3,Wh25 St27 Me2 Cow5 Sh6 Go9 q3,Wh17 To8 St33 Cow6 Sh6 Go5 q3,Wh18 To6 St29 Me2 Cow5 Sh6 Go9 q3,"NE@d6,SW@d11","NE@d6,SW@d11",v23_mkt3/wins/113687700_vs_team16695046.json.gz,https://www.kaggle.com/competitions/kaggriculture/submissions?dialog=episodes-episode-113687700
v23_mkt3,113676743,W,679,94605,93926,Matt Motoki,2663.6,0,copy_then_diverged,own plan from d6-11,0.55,0.9,0.22,Bak FM Ice FM Bak Bru Smo Smo,-543,2802,13844,-5708,-7592,3017,4954,101,733,-2161,-26,-20,-1500,-963,-4000,Wh27 To4 St41 Cow6 Sh6 Go5 q4,Wh10 Ca6 To8 St34 Cow6 Sh3 Go5 q3,Wh27 To4 St41 Cow6 Sh6 Go5 q4,Wh14 Ca4 To16 St24 Cow6 Sh3 Go5 q3,"NE@d6,SW@d11,SE@d12","NE@d6,SW@d9",v23_mkt3/wins/113676743_vs_Matt-Motoki.json.gz,https://www.kaggle.com/competitions/kaggriculture/submissions?dialog=episodes-episode-113676743
v23_mkt3,113646027,W,692,129723,129031,redblackbst,2647.4,1,copy,copy (identical through d15),0.95,1.0,0.96,Ice Bak Smo Ice Yarn Piz Piz Piz,447,5870,1967,-1923,0,-1,-666,-9,-2816,3129,98,890,-100,123,0,Wh24 St33 Cow9 Sh5 Go3 q3,Wh24 St32 Cow10 Sh4 Go3 q3,Wh25 St33 Cow9 Sh5 Go3 q3,Wh25 St32 Me1 Cow10 Sh4 Go3 q3,"NE@d6,SW@d11","NE@d6,SW@d11",v23_mkt3/wins/113646027_vs_redblackbst.json.gz,https://www.kaggle.com/competitions/kaggriculture/submissions?dialog=episodes-episode-113646027
v23_mkt3,113622399,W,747,64918,64171,Dhruvik Chauhan,2443.2,1,copy,copy (identical through d15),1.0,1.0,0.99,Pet Pet Ice Bak Ice Yarn Bak Bak,653,3386,-1601,1661,0,-18,0,391,111,-167,-35,180,0,225,0,Wh21 Ca3 St33 Cow6 Sh6 Go5 q3,Wh20 Ca3 St33 Cow6 Sh6 Go5 q3,Wh24 Ca1 St33 Cow6 Sh6 Go5 q3,Wh24 Ca1 St33 Cow6 Sh6 Go5 q3,"NE@d6,SW@d11","NE@d6,SW@d11",v23_mkt3/wins/113622399_vs_Dhruvik-Chauhan.json.gz,https://www.kaggle.com/competitions/kaggriculture/submissions?dialog=episodes-episode-113622399
v23_mkt3,113719228,W,760,83219,82459,Pico,2624.1,0,different,own agent,0.49,0.59,0.51,Yarn Bak Piz Bak Bak Yarn FM Ice,-801,2620,12076,504,-9494,-1383,4153,-6913,264,802,-3996,190,1400,3157,0,Wh24 St33 Cow6 Sh11 q3,Wh10 Ca1 To10 St24 Me9 Cow6 Sh12 Go3 q3,Wh25 St33 Cow6 Sh11 q3,Wh16 To17 St19 Me2 Cow6 Sh12 Go3 q3,"NE@d6,SW@d11","NE@d5,SW@d8",v23_mkt3/wins/113719228_vs_Pico.json.gz,https://www.kaggle.com/competitions/kaggriculture/submissions?dialog=episodes-episode-113719228
v23_mkt3,113631852,W,830,70238,69408,Akhil Chinta,2598.0,0,copy,copy (identical through d15),1.0,1.0,0.97,Ice Pet Pet Bak Pet Ice Piz FM,-995,3891,-460,120,0,-22,0,36,621,-78,19,230,0,364,0,Wh24 St33 Cow8 Sh6 Go3 q3,Wh21 Ca3 St33 Cow8 Sh6 Go3 q3,Wh23 Ca2 St33 Cow8 Sh6 Go3 q3,Wh23 Ca2 St33 Cow8 Sh6 Go3 q3,"NE@d6,SW@d11","NE@d6,SW@d11",v23_mkt3/wins/113631852_vs_Akhil-Chinta.json.gz,https://www.kaggle.com/competitions/kaggriculture/submissions?dialog=episodes-episode-113631852
v23_mkt3,113636579,W,904,58857,57953,Phi,2553.5,1,copy,copy (identical through d15),0.96,1.0,0.99,Pet Yarn Bak Bak Pet Pet Smo Bru,152,3775,-646,808,0,-377,-62,0,-37,425,-15,240,0,568,0,Wh24 St33 Cow6 Sh11 q3,Wh23 St33 Cow6 Sh11 q3,Wh15 Ca9 St33 Cow6 Sh11 q3,Wh23 Ca2 St33 Cow6 Sh11 q3,"NE@d6,SW@d11","NE@d6,SW@d11",v23_mkt3/wins/113636579_vs_Phi.json.gz,https://www.kaggle.com/competitions/kaggriculture/submissions?dialog=episodes-episode-113636579
v23_mkt3,113753488,W,1235,79149,77914,Kaggriculture Agent,2620.1,0,copy,copy (identical through d15),1.0,1.0,1.0,Yarn Bru Bak Pet Ice Piz Smo FM,-875,2316,-1606,1740,0,536,0,0,438,-408,-180,160,0,555,0,Wh24 St33 Cow6 Sh11 q3,Wh24 St33 Cow6 Sh11 q3,Wh25 St33 Cow6 Sh11 q3,Wh24 Ca1 St33 Cow6 Sh11 q3,"NE@d6,SW@d11","NE@d6,SW@d11",v23_mkt3/wins/113753488_vs_Kaggriculture-Agent.json.gz,https://www.kaggle.com/competitions/kaggriculture/submissions?dialog=episodes-episode-113753488
v23_mkt3,113744024,W,1347,103887,102540,QQ Farming,2645.4,0,copy_then_diverged,own plan from d6-11,0.6,0.92,0.55,Pet Ice Smo FM Yarn Yarn Pet Ice,3391,3336,-1173,-1382,-6815,-4325,2053,-7061,10618,3031,5565,340,-900,1396,0,Wh24 St33 Cow12 Sh5 q3,Wh9 Ca11 To5 St31 Me3 Cow8 Sh4 Go4 q3,Wh4 Ca20 St33 Cow12 Sh5 q3,Wh7 Ca11 To15 St23 Me3 Cow8 Sh4 Go4 q3,"NE@d6,SW@d11","NE@d6,SW@d9",v23_mkt3/wins/113744024_vs_QQ-Farming.json.gz,https://www.kaggle.com/competitions/kaggriculture/submissions?dialog=episodes-episode-113744024
v23_mkt3,113613636,W,1361,78192,76831,Rotation Theory,2004.0,1,copy,copy (identical through d15),0.94,1.0,0.92,Pet Yarn Pet Bak FM Yarn Ice Yarn,-2029,2087,-1699,1697,0,364,-2209,0,-106,1857,-104,110,0,1451,0,Wh20 Ca4 St33 Cow6 Sh11 q3,Wh18 Ca6 St27 Me6 Cow6 Sh11 q3,Wh15 Ca8 St33 Cow6 Sh11 q3,Wh15 Ca8 St27 Me6 Cow6 Sh11 q3,"NE@d6,SW@d11","NE@d6,SW@d11",v23_mkt3/wins/113613636_vs_Rotation-Theory.json.gz,https://www.kaggle.com/competitions/kaggriculture/submissions?dialog=episodes-episode-113613636
v23_mkt3,113608948,W,1392,63664,62272,Ni123456&,1641.2,0,copy,copy (identical through d15),1.0,1.0,1.0,Piz Bak Bak Smo FM Bak Pet Bru,-5803,-1622,2132,-2286,9312,163,0,367,95,-44,-520,-400,0,-3427,-4000,Wh24 St33 Cow8 Sh6 Go3 q3,Wh24 St33 Cow8 Sh6 Go3 q3,Wh25 To15 St33 Cow8 Sh6 Go3 q4,Wh25 St33 Cow8 Sh6 Go3 q3,"NE@d6,SW@d11,SE@d18","NE@d6,SW@d11",v23_mkt3/wins/113608948_vs_Ni123456.json.gz,https://www.kaggle.com/competitions/kaggriculture/submissions?dialog=episodes-episode-113608948
v23_mkt3,113680669,W,1403,106930,105527,yumizu,2692.6,0,copy_then_diverged,own plan from d6-11,0.58,0.91,0.58,FM FM Bak Smo Bru Smo Bru Ice,-8058,-456,-10540,-4591,3113,3247,9213,-3102,2881,-2543,1749,290,-600,2286,0,Wh24 St33 Cow6 Sh6 Go5 q3,Wh24 To2 St31 Cow6 Sh3 Go8 q3,Ca4 To16 St33 Me5 Cow6 Sh6 Go5 q3,Wh16 Ca11 To10 St20 Cow6 Sh3 Go8 q3,"NE@d6,SW@d11","NE@d6,SW@d9",v23_mkt3/wins/113680669_vs_yumizu.json.gz,https://www.kaggle.com/competitions/kaggriculture/submissions?dialog=episodes-episode-113680669
v23_mkt3,113728318,W,1423,84877,83454,chocolat,2646.2,1,copy,copy (identical through d15),1.0,1.0,1.0,Bru Piz Pet Bru Piz Ice Piz Smo,-5738,1237,506,-3156,10708,-749,0,511,-660,-58,366,-270,0,-1775,-4000,Wh24 St33 Cow8 Sh6 Go3 q3,Wh24 St33 Cow8 Sh6 Go3 q3,Wh25 To15 St33 Cow8 Sh6 Go3 q4,Wh25 St32 Cow8 Sh6 Go3 q3,"NE@d6,SW@d11,SE@d18","NE@d6,SW@d11",v23_mkt3/wins/113728318_vs_chocolat.json.gz,https://www.kaggle.com/competitions/kaggriculture/submissions?dialog=episodes-episode-113728318
v23_mkt3,113616014,W,1451,120491,119040,uns.t,2102.3,1,copy_then_diverged,"copy, we diverged first (annex)",1.0,1.0,0.7,Ice Smo Ice Bak Bak Smo Bak Yarn,-2462,2699,9424,-1752,0,6674,0,0,-836,-885,-3892,-800,0,-2482,-4000,Wh30 St42 Cow12 Sh5 q4,Wh24 St33 Cow12 Sh5 q3,Wh30 St42 Cow12 Sh4 q4,Wh25 St33 Cow12 Sh5 q3,"NE@d6,SW@d11,SE@d12","NE@d6,SW@d11",v23_mkt3/wins/113616014_vs_uns.t.json.gz,https://www.kaggle.com/competitions/kaggriculture/submissions?dialog=episodes-episode-113616014
v23_mkt3,113625918,W,1462,97703,96241,goonew,2502.3,0,copy,copy (identical through d15),1.0,1.0,1.0,Yarn Yarn FM FM Bak Smo Ice Pet,-7,3317,-870,2277,0,522,0,0,151,-891,-84,270,0,87,0,Wh24 St33 Cow6 Sh17 q4,Wh24 St33 Cow6 Sh17 q4,Wh25 St33 Cow6 Sh17 q4,Wh25 St33 Cow6 Sh17 q4,"NE@d6,SW@d11,SE@d11","NE@d6,SW@d11,SE@d11",v23_mkt3/wins/113625918_vs_goonew.json.gz,https://www.kaggle.com/competitions/kaggriculture/submissions?dialog=episodes-episode-113625918
v23_mkt3,113664946,W,1635,104545,102910,Thai,2567.0,0,copy,copy (identical through d15),1.0,1.0,1.0,Yarn Bak Piz Yarn Yarn Pet Bak Pet,-1228,2030,1009,90,0,-51,0,0,98,-566,-199,220,0,1034,0,Wh24 St33 Cow6 Sh17 q4,Wh24 St33 Cow6 Sh17 q4,Wh25 St33 Cow6 Sh17 q4,Wh25 St33 Cow6 Sh17 q4,"NE@d6,SW@d11,SE@d12","NE@d6,SW@d11,SE@d12",v23_mkt3/wins/113664946_vs_Thai.json.gz,https://www.kaggle.com/competitions/kaggriculture/submissions?dialog=episodes-episode-113664946
v23_mkt3,113633038,W,1800,89500,87700,Reinforcement Larping,2568.3,1,copy,copy (identical through d15),1.0,1.0,0.99,Bru Pet Ice Bru Bak Yarn Smo Bru,153,3387,566,-69,0,334,0,328,184,727,-537,280,0,-13,0,Wh23 St33 Cow6 Sh6 Go5 q3,Wh24 St33 Cow6 Sh6 Go5 q3,Wh25 St33 Cow6 Sh6 Go5 q3,Wh25 St33 Cow6 Sh6 Go5 q3,"NE@d6,SW@d11","NE@d6,SW@d11",v23_mkt3/wins/113633038_vs_Reinforcement-Larping.json.gz,https://www.kaggle.com/competitions/kaggriculture/submissions?dialog=episodes-episode-113633038
v23_mkt3,113623571,W,1852,97722,95870,shikaikaikaikai,2511.6,1,copy,copy (identical through d15),1.0,1.0,1.0,FM Pet Bru Ice Yarn Ice Pet Ice,493,3108,-1514,2498,0,1246,0,429,479,-506,-559,80,0,-301,0,Wh24 St33 Cow6 Sh6 Go5 q3,Wh24 St33 Cow6 Sh6 Go5 q3,Wh23 Ca2 St33 Cow6 Sh6 Go5 q3,Wh23 Ca2 St33 Cow6 Sh6 Go5 q3,"NE@d6,SW@d11","NE@d6,SW@d11",v23_mkt3/wins/113623571_vs_shikaikaikaikai.json.gz,https://www.kaggle.com/competitions/kaggriculture/submissions?dialog=episodes-episode-113623571
v23_mkt3,113637757,W,1886,130332,128446,lingxiaojun,2551.9,1,different,own agent,0.47,0.6,0.4,Ice Bak Piz Smo Bru Yarn Ice Piz,5926,6057,-3910,-440,-8282,7693,6650,44,-127,-103,-139,-50,400,150,0,Wh24 St33 Cow9 Sh5 Go3 q3,Wh17 Ca4 To5 St25 Me5 Cow10 Sh4 Go3 q3,Wh17 St33 Me7 Cow9 Sh5 Go3 q3,Wh10 To15 St28 Me4 Cow10 Sh5 Go3 q3,"NE@d6,SW@d11","NE@d4,SW@d9",v23_mkt3/wins/113637757_vs_lingxiaojun.json.gz,https://www.kaggle.com/competitions/kaggriculture/submissions?dialog=episodes-episode-113637757
v23_mkt3,113654286,W,1892,99229,97337,Arman Tuganbaev,2565.3,0,copy,copy (identical through d15),1.0,1.0,1.0,Smo Pet Ice Yarn Piz Bak Pet Pet,-296,2431,-1425,2308,0,96,0,467,101,444,-180,230,0,-149,0,Wh24 St33 Cow9 Sh5 Go3 q3,Wh24 St33 Cow9 Sh5 Go3 q3,Wh25 St33 Cow9 Sh5 Go3 q3,Wh25 St33 Cow9 Sh5 Go3 q3,"NE@d6,SW@d11","NE@d6,SW@d11",v23_mkt3/wins/113654286_vs_Arman-Tuganbaev.json.gz,https://www.kaggle.com/competitions/kaggriculture/submissions?dialog=episodes-episode-113654286
v23_mkt3,113635298,W,1934,112489,110555,Le Viet,2535.0,1,copy,copy (identical through d15),1.0,1.0,1.0,Smo FM Yarn Yarn Bru Ice Pet Yarn,149,3776,516,1024,0,-177,0,0,-51,465,-151,400,0,-92,0,Wh24 St33 Cow8 Sh15 q4,Wh24 St33 Cow8 Sh15 q4,Wh25 St33 Cow8 Sh15 q4,Wh25 St33 Cow8 Sh15 q4,"NE@d6,SW@d11,SE@d12","NE@d6,SW@d11,SE@d12",v23_mkt3/wins/113635298_vs_Le-Viet.json.gz,https://www.kaggle.com/competitions/kaggriculture/submissions?dialog=episodes-episode-113635298
v23_mkt3,113627394,W,2388,147051,144663,carbonapi,2526.9,1,copy,copy (identical through d15),1.0,1.0,1.0,Piz Ice Smo Ice Smo Bak Piz Pet,-590,7614,1848,-2565,0,298,0,0,2161,-32,-153,420,0,411,0,Wh24 St33 Cow12 Sh5 q3,Wh24 St33 Cow12 Sh5 q3,Wh25 St33 Cow12 Sh5 q3,Wh25 St33 Cow12 Sh5 q3,"NE@d6,SW@d11","NE@d6,SW@d11",v23_mkt3/wins/113627394_vs_carbonapi.json.gz,https://www.kaggle.com/competitions/kaggriculture/submissions?dialog=episodes-episode-113627394
v23_mkt3,113661429,W,2412,108891,106479,sissoko cheick,2477.6,1,copy,copy (identical through d15),1.0,1.0,1.0,Yarn Ice Piz Bak Smo Bru FM Smo,-525,3680,2358,-1927,0,1209,0,0,236,-97,-527,380,0,780,0,Wh24 St33 Cow6 Sh11 q3,Wh24 St33 Cow6 Sh11 q3,Wh25 St33 Cow6 Sh11 q3,Wh25 St33 Cow6 Sh11 q3,"NE@d6,SW@d11","NE@d6,SW@d11",v23_mkt3/wins/113661429_vs_sissoko-cheick.json.gz,https://www.kaggle.com/competitions/kaggriculture/submissions?dialog=episodes-episode-113661429
v23_mkt3,113627102,W,2790,91720,88930,JianYuan Deng,2498.5,0,copy,copy (identical through d15),1.0,1.0,1.0,Yarn FM Yarn Smo Bak Bru Bak Piz,-450,4924,4933,-2715,0,-74,0,0,-53,-696,-123,390,0,1128,0,Wh24 St33 Cow6 Sh17 q4,Wh24 St33 Cow6 Sh17 q4,Wh25 St33 Cow6 Sh17 q4,Wh25 St33 Cow6 Sh17 q4,"NE@d6,SW@d11,SE@d11","NE@d6,SW@d11,SE@d11",v23_mkt3/wins/113627102_vs_JianYuan-Deng.json.gz,https://www.kaggle.com/competitions/kaggriculture/submissions?dialog=episodes-episode-113627102
v23_mkt3,113659069,W,2793,104667,101874,Zyy7390,2628.6,1,copy,copy (identical through d15),1.0,1.0,1.0,Yarn Bru Ice Bru Bru Bak Bak Ice,-688,2500,2612,-1728,0,2,0,0,287,721,-471,370,0,1000,0,Wh24 St33 Cow6 Sh11 q3,Wh24 St33 Cow6 Sh11 q3,Wh25 St33 Cow6 Sh11 q3,Wh25 St33 Cow6 Sh11 q3,"NE@d6,SW@d11","NE@d6,SW@d11",v23_mkt3/wins/113659069_vs_Zyy7390.json.gz,https://www.kaggle.com/competitions/kaggriculture/submissions?dialog=episodes-episode-113659069
v23_mkt3,113695790,W,2853,99377,96524,fuxi,2697.4,1,different,own agent,0.21,0.56,0.23,FM Pet Ice Smo Yarn Bru Pet Bak,11668,3939,-642,4216,-12111,-3191,2271,-679,2956,-1032,859,1620,300,4286,4000,Wh24 St33 Cow6 Sh6 Go5 q3,Wh6 Ca7 To2 St38 Me5 Cow6 Sh4 Go6 q4,Wh6 Ca18 St33 Cow6 Sh6 Go5 q3,Wh12 Ca1 To21 St37 Me12 Cow5 Sh6 Go6 q4,"NE@d6,SW@d11","NE@d5,SW@d6,SE@d10",v23_mkt3/wins/113695790_vs_fuxi.json.gz,https://www.kaggle.com/competitions/kaggriculture/submissions?dialog=episodes-episode-113695790
v23_mkt3,113655516,W,2898,116993,114095,d_tree_love,2624.3,1,copy,copy (identical through d15),1.0,1.0,1.0,Piz FM Bru Ice Bru Piz Smo Piz,-1106,4246,1847,-1285,2273,1592,-1165,42,1146,-5,94,100,0,-1741,0,Wh24 St33 Cow8 Sh6 Go3 q3,Wh24 St33 Cow8 Sh6 Go3 q3,Wh25 To20 St33 Cow8 Sh6 Go3 q4,Wh23 To15 St33 Me2 Cow8 Sh6 Go3 q4,"NE@d6,SW@d11,SE@d18","NE@d6,SW@d11,SE@d18",v23_mkt3/wins/113655516_vs_d_tree_love.json.gz,https://www.kaggle.com/competitions/kaggriculture/submissions?dialog=episodes-episode-113655516
v23_mkt3,113641317,W,3189,131922,128733,yjshyfy,2592.1,0,copy,copy (identical through d15),0.99,1.0,0.99,Ice Bru Piz Yarn Smo Smo Bak Ice,1719,5724,-584,-1952,0,-84,0,641,-586,3845,1454,390,-100,165,0,Wh24 St33 Cow9 Sh5 Go3 q3,Wh24 St33 Cow10 Sh4 Go3 q3,Wh25 St33 Cow9 Sh5 Go3 q3,Wh25 St33 Cow10 Sh4 Go3 q3,"NE@d6,SW@d11","NE@d6,SW@d11",v23_mkt3/wins/113641317_vs_yjshyfy.json.gz,https://www.kaggle.com/competitions/kaggriculture/submissions?dialog=episodes-episode-113641317
v23_mkt3,113726483,W,3210,119759,116549,Navier-stokes,2690.5,0,copy_then_diverged,own plan from d6-11,0.62,0.92,0.63,FM Smo FM Bak FM Yarn Bru Bak,-3548,5820,-7273,-2600,6247,-6464,4761,1053,2306,-102,3583,910,-900,1689,0,Wh24 St33 Cow8 Sh6 Go3 q3,Wh19 Ca1 To2 St37 Cow9 Sh3 Go2 q3,Ca7 To16 St33 Me2 Cow8 Sh6 Go3 q3,Wh9 Ca11 To8 St28 Cow9 Sh4 Go2 q3,"NE@d6,SW@d11","NE@d6,SW@d9",v23_mkt3/wins/113726483_vs_Navier-stokes.json.gz,https://www.kaggle.com/competitions/kaggriculture/submissions?dialog=episodes-episode-113726483
v23_mkt3,113735903,W,4053,89588,85535,QQ Farming,2649.9,0,copy_then_diverged,own plan from d6-11,0.61,0.92,0.57,Smo Pet Smo Pet Pet Ice Bak Pet,1554,4623,-9172,15539,-5611,-5159,2500,593,3519,-1709,1676,-450,800,1527,0,Wh21 Ca3 St33 Cow9 Sh5 Go3 q3,Wh9 Ca8 To6 St31 Me2 Cow13 Sh4 Go2 q3,Ca25 St33 Cow9 Sh5 Go3 q3,Wh12 To18 St23 Me2 Cow13 Sh4 Go2 q3,"NE@d6,SW@d11","NE@d6,SW@d9",v23_mkt3/wins/113735903_vs_QQ-Farming.json.gz,https://www.kaggle.com/competitions/kaggriculture/submissions?dialog=episodes-episode-113735903
v23_mkt3,113672032,W,4472,134163,129691,Breaking1800,2705.0,1,copy_then_diverged,own plan from d6-11,0.2,0.91,0.26,Yarn Ice FM Piz Ice FM Piz Bru,-5638,-714,-17897,44,2353,10318,7362,-4276,23274,-17159,-1743,140,1100,956,0,Wh24 St33 Cow6 Sh11 q3,Wh30 To7 St29 Cow5 Sh17 Go3 q4,Wh7 To16 St33 Me4 Cow12 Sh11 q4,Wh28 Ca1 To12 St19 Cow5 Sh17 Go3 q4,"NE@d6,SW@d11,SE@d17","NE@d6,SW@d9,SE@d10",v23_mkt3/wins/113672032_vs_Breaking1800.json.gz,https://www.kaggle.com/competitions/kaggriculture/submissions?dialog=episodes-episode-113672032
v23_mkt3,113667301,W,4664,83699,79035,Chaoqi Luo,2550.2,1,copy,copy (identical through d15),1.0,1.0,1.0,Piz Bru FM Bak FM Yarn Pet Smo,-2790,7668,-924,389,8729,-580,0,210,-193,756,-97,-220,0,-3406,0,Wh24 St33 Cow8 Sh6 Go3 q3,Wh24 St33 Cow8 Sh6 Go3 q3,Wh25 To20 St33 Cow8 Sh6 Go3 q4,Wh25 To10 St33 Cow8 Sh6 Go3 q4,"NE@d6,SW@d11,SE@d16","NE@d6,SW@d11,SE@d18",v23_mkt3/wins/113667301_vs_Chaoqi-Luo.json.gz,https://www.kaggle.com/competitions/kaggriculture/submissions?dialog=episodes-episode-113667301
v23_mkt3,113620462,W,5670,128185,122515,Seyit kaan Gunes,2381.5,0,copy,copy (identical through d15),1.0,1.0,1.0,Piz Ice Piz Yarn Ice Yarn Smo Bak,-8411,3069,2509,-2148,13689,135,0,0,2229,513,-536,-600,0,-6121,-4000,Wh24 St33 Cow12 Sh5 q3,Wh24 St33 Cow12 Sh5 q3,Wh25 To20 St33 Cow12 Sh5 q4,Wh25 St33 Cow12 Sh5 q3,"NE@d6,SW@d11,SE@d18","NE@d6,SW@d11",v23_mkt3/wins/113620462_vs_Seyit-kaan-Gunes.json.gz,https://www.kaggle.com/competitions/kaggriculture/submissions?dialog=episodes-episode-113620462
v23_mkt3,113619657,W,5820,111416,105596,Pilea55,2487.9,1,copy_then_diverged,"copy, we diverged first (annex)",1.0,1.0,0.7,Smo FM Bru Ice Pet Pet Bru Pet,-6305,6266,-13563,10297,2990,19022,0,251,-2374,-1013,-2322,-2130,0,-1338,-4000,Wh21 St51 Cow8 Sh6 Go3 q4,Wh24 St33 Cow8 Sh6 Go3 q3,Ca15 To6 St51 Cow8 Sh6 Go3 q4,Wh25 St33 Cow8 Sh6 Go3 q3,"NE@d6,SW@d11,SE@d12","NE@d6,SW@d11",v23_mkt3/wins/113619657_vs_Pilea55.json.gz,https://www.kaggle.com/competitions/kaggriculture/submissions?dialog=episodes-episode-113619657
v23_mkt3,113711146,W,6260,112823,106563,chungkuangwen,2653.0,0,different,own agent,0.61,0.88,0.63,Bru Smo Bru Yarn Bru Pet FM Pet,658,5853,7688,-7703,0,-9565,9389,-2723,3920,477,407,680,1200,2490,0,Wh24 St33 Cow8 Sh6 Go3 q3,Wh17 St38 Cow9 Sh7 Go4 q3,Wh18 St33 Me6 Cow8 Sh6 Go3 q3,Wh16 Ca11 St27 Cow9 Sh7 Go4 q3,"NE@d6,SW@d11","NE@d6,SW@d9",v23_mkt3/wins/113711146_vs_chungkuangwen.json.gz,https://www.kaggle.com/competitions/kaggriculture/submissions?dialog=episodes-episode-113711146
v23_mkt3,113679102,W,6568,107511,100943,loxigicck,2631.1,0,copy_then_diverged,"copy, we diverged first (annex)",0.99,1.0,0.69,Bru Bru Bru Bak Bak Ice Ice Ice,-1914,6558,6615,-1508,0,11578,398,-1311,510,-969,-2183,-820,-200,-1542,-4000,Wh30 St42 Cow6 Sh6 Go5 q4,Wh24 St33 Cow6 Sh5 Go6 q3,Wh29 St42 Cow6 Sh6 Go5 q4,Wh25 St33 Cow6 Sh5 Go6 q3,"NE@d6,SW@d11,SE@d12","NE@d6,SW@d11",v23_mkt3/wins/113679102_vs_loxigicck.json.gz,https://www.kaggle.com/competitions/kaggriculture/submissions?dialog=episodes-episode-113679102
v23_mkt3,113630690,W,6787,102638,95851,mikelou1,2588.3,0,copy,copy (identical through d15),0.93,1.0,0.93,FM Pet FM Bru FM Bak Pet Ice,-3579,10422,-2699,4973,8416,-115,0,1124,-110,-58,-724,-530,0,-3490,0,Wh24 St33 Cow6 Sh6 Go5 q3,Wh17 Ca6 St33 Cow6 Sh6 Go5 q3,Wh23 Ca2 To20 St33 Cow6 Sh6 Go5 q4,Wh25 To10 St33 Cow6 Sh6 Go5 q4,"NE@d6,SW@d11,SE@d16","NE@d6,SW@d11,SE@d18",v23_mkt3/wins/113630690_vs_mikelou1.json.gz,https://www.kaggle.com/competitions/kaggriculture/submissions?dialog=episodes-episode-113630690
v23_mkt3,113607794,W,6863,107348,100485,Pengfei Yan ,1583.8,1,copy,copy (identical through d15),1.0,1.0,1.0,Bru Bru Piz Smo FM Yarn Bru Bak,111,6018,7659,-2277,8743,242,0,1046,261,523,-1081,-360,0,-3893,-4000,Wh24 St33 Cow6 Sh6 Go5 q3,Wh24 St33 Cow6 Sh6 Go5 q3,Wh25 To15 St33 Cow6 Sh6 Go5 q4,Wh25 St33 Cow6 Sh6 Go5 q3,"NE@d6,SW@d11,SE@d18","NE@d6,SW@d11",v23_mkt3/wins/113607794_vs_Pengfei-Yan.json.gz,https://www.kaggle.com/competitions/kaggriculture/submissions?dialog=episodes-episode-113607794
v23_mkt3,113644871,W,6883,120887,114004,Bohann Wang,2551.5,1,copy_then_diverged,"copy, we diverged first (annex)",1.0,1.0,0.7,Ice FM Smo Bak Smo Pet Bru Yarn,-1194,6211,2086,-1281,3114,13553,0,290,-1014,-112,-1916,-970,0,-2867,-4000,Wh30 St42 Cow9 Sh5 Go3 q4,Wh24 St33 Cow9 Sh5 Go3 q3,Wh18 Ca6 To6 St42 Cow9 Sh5 Go3 q4,Wh24 Ca1 St33 Cow9 Sh5 Go3 q3,"NE@d6,SW@d11,SE@d12","NE@d6,SW@d11",v23_mkt3/wins/113644871_vs_Bohann-Wang.json.gz,https://www.kaggle.com/competitions/kaggriculture/submissions?dialog=episodes-episode-113644871
v23_mkt3,113761474,W,7882,119750,111868,Lucien de Rubempre,2638.2,1,copy_then_diverged,own plan from d6-11,0.16,0.91,0.18,Pet FM FM Yarn Smo Yarn Bru Smo,5820,6214,-17371,-5707,-2759,20274,7715,-4603,640,1172,-2106,580,2400,3647,4000,Wh24 St33 Cow4 Sh6 Go7 q3,Wh30 Ca12 To8 St20 Cow7 Sh6 Go11 q4,Ca9 To12 St33 Me4 Cow4 Sh6 Go7 q3,Wh30 Ca12 To14 St11 Cow6 Sh6 Go11 q4,"NE@d6,SW@d11","NE@d6,SW@d9,SE@d10",v23_mkt3/wins/113761474_vs_Lucien-de-Rubempre.json.gz,https://www.kaggle.com/competitions/kaggriculture/submissions?dialog=episodes-episode-113761474
v23_mkt3,113648427,W,10254,147854,137600,Joseph Adamski,2667.4,0,different,own agent,0.51,0.81,0.5,Smo Piz Piz Ice FM FM Yarn Smo,6236,10639,-7291,-1135,3110,-10232,17435,-1563,7088,-2050,1336,70,400,3086,0,Wh24 St33 Cow12 Sh5 q3,Wh20 St35 Me4 Cow11 Sh4 Go1 q3,To16 St33 Me9 Cow12 Sh5 q3,Wh6 To12 St26 Me13 Cow11 Sh6 Go1 q3,"NE@d6,SW@d11","NE@d7,SW@d10",v23_mkt3/wins/113648427_vs_Joseph-Adamski.json.gz,https://www.kaggle.com/competitions/kaggriculture/submissions?dialog=episodes-episode-113648427
v23_mkt3,113677936,W,10799,143892,133093,Gleb Tumanov,2637.4,1,copy_then_diverged,"copy, we diverged first (annex)",0.96,1.0,0.66,Ice Ice Bru Ice Bak Bru Bru Piz,-8805,8023,4037,-814,0,19805,-346,829,-4043,-786,-2264,-1040,-100,-479,-4000,Wh21 St51 Cow9 Sh5 Go3 q4,Wh21 St36 Cow10 Sh4 Go3 q3,Wh19 St51 Cow9 Sh5 Go3 q4,Wh22 St36 Cow10 Sh4 Go3 q3,"NE@d6,SW@d11,SE@d12","NE@d6,SW@d11",v23_mkt3/wins/113677936_vs_Gleb-Tumanov.json.gz,https://www.kaggle.com/competitions/kaggriculture/submissions?dialog=episodes-episode-113677936
v23_mkt3,113614841,W,10837,88629,77792,Peihao Chen Caesar,2096.9,1,copy,copy (identical through d15),0.92,0.98,0.92,Yarn FM Bru Pet Bak Pet Smo Bak,9853,13130,-3072,1679,0,4938,0,0,2872,1897,2822,-370,-900,971,0,Wh24 St33 Cow6 Sh11 q3,Wh24 St28 Cow4 Sh10 q3,Wh21 Ca4 St33 Cow6 Sh11 q3,Wh21 Ca4 St28 Cow4 Sh10 q3,"NE@d6,SW@d11","NE@d6,SW@d11",v23_mkt3/wins/113614841_vs_Peihao-Chen-Caesar.json.gz,https://www.kaggle.com/competitions/kaggriculture/submissions?dialog=episodes-episode-113614841
v23_mkt3,113650919,W,10858,103976,93118,Thai,2553.8,1,copy,copy (identical through d15),1.0,1.0,1.0,FM FM Bak FM Pet Piz Pet Smo,-2978,16020,-1825,1310,13891,891,0,657,207,-1,-372,-410,0,-3490,0,Wh24 St33 Cow6 Sh6 Go5 q3,Wh24 St33 Cow6 Sh6 Go5 q3,Wh22 Ca3 To20 St33 Cow6 Sh6 Go5 q4,Wh22 Ca3 To10 St33 Cow6 Sh6 Go5 q4,"NE@d6,SW@d11,SE@d16","NE@d6,SW@d11,SE@d18",v23_mkt3/wins/113650919_vs_Thai.json.gz,https://www.kaggle.com/competitions/kaggriculture/submissions?dialog=episodes-episode-113650919
v23_mkt3,113652147,W,11130,124920,113790,Bohann Wang,2550.2,1,copy_then_diverged,"copy, we diverged first (annex)",1.0,1.0,0.6,Smo FM FM Pet Smo Ice Ice Ice,-6879,10870,-13342,7405,12003,16227,0,127,-718,-1009,-1578,-1990,0,-1995,-4000,Wh18 Ca3 To10 St42 Cow8 Sh6 Go3 q4,Wh22 Ca2 St33 Cow8 Sh6 Go3 q3,Ca9 To22 St42 Cow8 Sh5 Go3 q4,Wh24 Ca1 St33 Cow8 Sh6 Go3 q3,"NE@d6,SW@d11,SE@d12","NE@d6,SW@d11",v23_mkt3/wins/113652147_vs_Bohann-Wang.json.gz,https://www.kaggle.com/competitions/kaggriculture/submissions?dialog=episodes-episode-113652147
v23_mkt3,113611289,W,12149,113131,100982,oni chan arigato,1659.3,0,copy_then_diverged,"copy, we diverged first (annex)",1.0,1.0,0.7,Bru Ice Bru Pet Smo FM Bru Bak,-1183,10465,4085,5059,0,15159,0,371,-2133,-990,-3539,-1190,0,-673,-4000,Wh31 St42 Cow8 Sh6 Go3 q4,Wh24 St33 Cow8 Sh6 Go3 q3,Wh27 Ca3 St42 Cow7 Sh5 Go3 q4,Wh25 St33 Cow8 Sh6 Go3 q3,"NE@d6,SW@d11,SE@d12","NE@d6,SW@d11",v23_mkt3/wins/113611289_vs_oni-chan-arigato.json.gz,https://www.kaggle.com/competitions/kaggriculture/submissions?dialog=episodes-episode-113611289
v23_mkt3,113605451,W,12706,84294,71588,Tian hao Qing Nano7ko,1228.5,1,copy,copy (identical through d15),1.0,1.0,1.0,Pet Piz Ice Bak FM Piz Smo Smo,-4344,12352,47,7817,13910,2322,0,759,-189,65,-1687,-1280,0,-5058,-4000,Wh24 St33 Cow8 Sh6 Go3 q3,Wh24 St33 Cow8 Sh6 Go3 q3,Wh25 To20 St33 Cow8 Sh6 Go3 q4,Wh25 St33 Cow8 Sh6 Go3 q3,"NE@d6,SW@d11,SE@d18","NE@d6,SW@d11",v23_mkt3/wins/113605451_vs_Tian-hao-Qing-Nano7ko.json.gz,https://www.kaggle.com/competitions/kaggriculture/submissions?dialog=episodes-episode-113605451
v23_mkt3,113643600,W,13299,128856,115557,Mengfei Li,2565.3,0,copy_then_diverged,"copy, we diverged first (annex)",1.0,1.0,0.62,FM FM FM Yarn Bru Yarn Bak Bak,2618,13574,-16002,5165,17172,10364,0,505,-459,-853,-1315,-1490,0,212,0,Wh13 Ca3 To14 St42 Cow6 Sh6 Go5 q4,Wh24 St33 Cow6 Sh6 Go5 q3,Ca2 To28 St42 Cow6 Sh6 Go5 q4,Wh25 To10 St33 Cow6 Sh6 Go5 q4,"NE@d6,SW@d11,SE@d12","NE@d6,SW@d11,SE@d18",v23_mkt3/wins/113643600_vs_Mengfei-Li.json.gz,https://www.kaggle.com/competitions/kaggriculture/submissions?dialog=episodes-episode-113643600
v23_mkt3,113618628,W,13718,93173,79455,extra eclaire,2331.1,0,copy,copy (identical through d15),0.91,0.98,0.91,Smo Pet Pet Bru Pet Bru FM Yarn,12068,14981,-2810,-3034,0,8124,0,581,5802,994,3951,450,-900,560,0,Wh21 Ca3 St33 Cow8 Sh6 Go3 q3,Wh21 Ca3 St27 Cow6 Sh5 Go3 q3,Wh25 St33 Cow8 Sh6 Go3 q3,Wh23 Ca2 St27 Cow6 Sh5 Go3 q3,"NE@d6,SW@d11","NE@d6,SW@d11",v23_mkt3/wins/113618628_vs_extra-eclaire.json.gz,https://www.kaggle.com/competitions/kaggriculture/submissions?dialog=episodes-episode-113618628
v23_mkt3,113772943,W,14902,157444,142542,Grim Reaper,2585.7,1,copy_then_diverged,"copy, we diverged first (annex)",1.0,1.0,0.7,Ice FM Ice Smo Piz Piz Bru Bru,-2599,13027,-12792,-2129,2551,22996,0,102,7636,-1013,-395,-1320,-1200,466,0,Wh20 St53 Cow9 Sh5 Go3 q4,Wh24 St33 Cow9 Sh5 Go3 q3,Wh4 To16 St53 Cow12 Sh5 Go3 q4,Wh25 To10 St33 Cow9 Sh5 Go3 q4,"NE@d6,SW@d11,SE@d12","NE@d6,SW@d11,SE@d18",v23_mkt3/wins/113772943_vs_Grim-Reaper.json.gz,https://www.kaggle.com/competitions/kaggriculture/submissions?dialog=episodes-episode-113772943
v23_mkt3,113662619,W,15934,164697,148763,Akhil Chinta,2582.0,0,copy_then_diverged,"copy, we diverged first (annex)",1.0,1.0,0.7,Ice Bru Ice Piz Ice Smo Ice Ice,-4564,13250,5428,-1786,0,14922,0,-27,14741,-1007,-1853,-800,-2000,-7684,-4000,Wh30 St42 Cow9 Sh5 Go3 q4,Wh24 St33 Cow9 Sh5 Go3 q3,Wh29 St42 Cow14 Sh5 Go3 q4,Wh25 St33 Cow9 Sh5 Go3 q3,"NE@d6,SW@d11,SE@d12","NE@d6,SW@d11",v23_mkt3/wins/113662619_vs_Akhil-Chinta.json.gz,https://www.kaggle.com/competitions/kaggriculture/submissions?dialog=episodes-episode-113662619
v23_mkt3,113622060,W,16129,126886,110757,pengurei,2468.3,0,copy_then_diverged,"copy, we diverged first (annex)",1.0,1.0,0.7,Bru FM Ice FM FM Bak Yarn Piz,-1523,14704,-18105,3558,4907,26358,0,483,-503,786,-375,-1590,0,610,0,Wh21 St51 Cow6 Sh4 Go7 q4,Wh24 St33 Cow6 Sh4 Go7 q3,Wh1 Ca2 To18 St51 Cow6 Sh4 Go7 q4,Wh25 To10 St33 Cow6 Sh4 Go7 q4,"NE@d6,SW@d11,SE@d12","NE@d6,SW@d11,SE@d18",v23_mkt3/wins/113622060_vs_pengurei.json.gz,https://www.kaggle.com/competitions/kaggriculture/submissions?dialog=episodes-episode-113622060
v23_mkt3,113603120,W,17963,101567,83604,JZ,1174.1,0,different,own agent,0.64,0.87,0.65,Ice Bak Smo Pet Bru FM Piz Bru,11368,16692,3426,1116,0,-1359,4913,5611,2410,378,-872,90,0,2250,0,Wh24 St33 Cow9 Sh5 Go3 q3,Wh21 St38 Cow10 Sh6 q3,Wh18 Ca3 St33 Me2 Cow9 Sh5 Go3 q3,Wh19 St38 Cow10 Sh6 q3,"NE@d6,SW@d11","NE@d6,SW@d11",v23_mkt3/wins/113603120_vs_JZ.json.gz,https://www.kaggle.com/competitions/kaggriculture/submissions?dialog=episodes-episode-113603120
v23_mkt3,113606620,W,18363,80520,62157,Ozi,1431.5,1,copy,copy (identical through d15),1.0,1.0,0.97,Pet Piz FM Pet Smo Piz Pet Pet,777,14342,-4064,18297,6597,124,0,935,877,91,-1113,-1030,0,-2351,0,Wh21 Ca3 St33 Cow8 Sh6 Go3 q3,Wh24 St33 Cow8 Sh6 Go3 q3,Wh24 Ca1 To20 St33 Cow8 Sh6 Go3 q4,Wh25 To10 St33 Cow8 Sh6 Go3 q4,"NE@d6,SW@d11,SE@d18","NE@d6,SW@d11,SE@d18",v23_mkt3/wins/113606620_vs_Ozi.json.gz,https://www.kaggle.com/competitions/kaggriculture/submissions?dialog=episodes-episode-113606620
v23_mkt3,113610121,W,21665,154872,133207,htech5,1682.5,0,copy_then_diverged,"copy, we diverged first (annex)",1.0,1.0,0.7,Bru FM Ice Ice Smo Smo Yarn Bak,1501,18787,-3317,-2224,3218,29841,0,465,1955,-188,-1454,-1390,0,-1241,-4000,Wh21 St51 Cow6 Sh4 Go7 q4,Wh24 St33 Cow6 Sh4 Go7 q3,Wh15 To6 St51 Cow6 Sh4 Go7 q4,Wh25 St33 Cow6 Sh4 Go7 q3,"NE@d6,SW@d11,SE@d12","NE@d6,SW@d11",v23_mkt3/wins/113610121_vs_htech5.json.gz,https://www.kaggle.com/competitions/kaggriculture/submissions?dialog=episodes-episode-113610121
v23_mkt3,113656698,W,21765,163727,141962,emreaydin,2592.8,1,copy_then_diverged,"copy, we diverged first (annex)",1.0,1.0,0.7,FM Ice Smo Ice FM Smo Ice Bak,-6530,20608,-10521,-1390,10836,33236,0,186,-11,-994,-1649,-1700,0,-2228,-4000,Wh21 St51 Cow8 Sh6 Go3 q4,Wh24 St33 Cow8 Sh6 Go3 q3,Wh3 To18 St51 Cow8 Sh6 Go3 q4,Wh25 St33 Cow8 Sh6 Go3 q3,"NE@d6,SW@d11,SE@d12","NE@d6,SW@d11",v23_mkt3/wins/113656698_vs_emreaydin.json.gz,https://www.kaggle.com/competitions/kaggriculture/submissions?dialog=episodes-episode-113656698
v23_mkt3,113617246,W,23187,137777,114590,cha7ura,2282.7,0,copy_then_diverged,"copy, we diverged first (annex)",1.0,1.0,0.7,Bru FM Ice Smo Bru FM Piz FM,-2233,18594,-5745,-2315,7198,32221,0,450,83,-969,-1394,-1470,0,-872,-4000,Wh21 St51 Cow6 Sh4 Go7 q4,Wh24 St33 Cow6 Sh4 Go7 q3,Wh11 To10 St51 Cow6 Sh4 Go7 q4,Wh25 St33 Cow6 Sh4 Go7 q3,"NE@d6,SW@d11,SE@d12","NE@d6,SW@d11",v23_mkt3/wins/113617246_vs_cha7ura.json.gz,https://www.kaggle.com/competitions/kaggriculture/submissions?dialog=episodes-episode-113617246
v23_mkt3,113604281,W,24225,169389,145164,MJVinay,1422.7,0,copy_then_diverged,"copy, we diverged first (annex)",0.96,1.0,0.67,Smo Ice Smo Smo Bak FM Yarn Ice,-5607,20876,130,-1566,0,22158,0,-4057,23069,-525,-1002,-1220,-1900,-6862,-4000,Wh21 St51 Cow16 Sh5 q4,Wh24 St33 Cow9 Sh5 Go3 q3,Wh21 St51 Cow16 Sh5 q4,Wh25 St33 Cow9 Sh5 Go3 q3,"NE@d6,SW@d11,SE@d12","NE@d6,SW@d11",v23_mkt3/wins/113604281_vs_MJVinay.json.gz,https://www.kaggle.com/competitions/kaggriculture/submissions?dialog=episodes-episode-113604281
v23_mkt3,113608282,W,25054,123925,98871,Winter01,1473.2,1,copy_then_diverged,"copy, we diverged first (annex)",0.97,1.0,0.67,FM Bru Smo FM Yarn FM Bak Pet,4386,24465,-15333,4049,5231,25816,0,4696,-1415,172,-1043,-1500,200,4181,0,Wh21 St51 Cow6 Sh6 Go5 q4,Wh24 St33 Cow7 Sh6 Go3 q3,Ca3 To18 St51 Cow6 Sh6 Go5 q4,Wh25 To10 St33 Cow7 Sh6 Go3 q4,"NE@d6,SW@d11,SE@d12","NE@d6,SW@d11,SE@d18",v23_mkt3/wins/113608282_vs_Winter01.json.gz,https://www.kaggle.com/competitions/kaggriculture/submissions?dialog=episodes-episode-113608282
v23_mkt3,113600807,W,27149,113573,86424,Jaivardhan Raahi,1009.4,0,different,own agent,0.57,0.86,0.63,FM Bru Smo Pet FM Bru Bru Piz,9930,24472,-7592,6452,10072,-9372,10520,9578,4420,-1835,572,-920,-500,5754,0,Wh24 St33 Cow6 Sh6 Go5 q3,Wh12 Ca1 St39 Me1 Cow11 Sh4 q3,Ca3 To16 St33 Me6 Cow6 Sh6 Go5 q3,Wh18 St36 Me1 Cow11 Sh4 q3,"NE@d6,SW@d11","NE@d6,SW@d10",v23_mkt3/wins/113600807_vs_Jaivardhan-Raahi.json.gz,https://www.kaggle.com/competitions/kaggriculture/submissions?dialog=episodes-episode-113600807
v23_mkt3,113598481,W,30016,101060,71044,Llin Ding,821.0,1,different,own agent,0.48,0.82,0.49,Pet Piz Ice Yarn Bru Ice Bru Smo,20394,28817,-3159,7203,2093,-166,2480,5087,8814,2748,2652,-40,-1400,3704,0,Wh24 St33 Cow9 Sh5 Go3 q3,Wh13 St35 Me14 Cow8 Sh4 q3,Wh3 Ca18 To4 St33 Cow9 Sh5 Go3 q3,Wh24 St32 Me2 Cow8 Sh4 q3,"NE@d6,SW@d11","NE@d6,SW@d10",v23_mkt3/wins/113598481_vs_Llin-Ding.json.gz,https://www.kaggle.com/competitions/kaggriculture/submissions?dialog=episodes-episode-113598481
v23_mkt3,113599643,W,30937,120457,89520,Junbeom Lee23,902.9,0,different,own agent,0.56,0.87,0.62,Bak Smo Piz Smo Bru Yarn Ice Smo,21868,31068,9651,738,1975,8646,2115,5785,-2036,2684,-248,380,-1100,2347,0,Wh24 St33 Cow8 Sh6 Go3 q3,Wh16 St33 Me8 Cow10 Sh4 q3,Wh19 To4 St33 Cow8 Sh6 Go3 q3,Wh24 St33 Cow10 Sh4 q3,"NE@d6,SW@d11","NE@d6,SW@d11",v23_mkt3/wins/113599643_vs_Junbeom-Lee23.json.gz,https://www.kaggle.com/competitions/kaggriculture/submissions?dialog=episodes-episode-113599643
v23_mkt3,113612468,W,34715,187978,153263,Iwa Iwa,1994.4,1,copy_then_diverged,"copy, we diverged first (annex)",0.96,0.99,0.66,Ice Smo Ice Smo Bru Ice Ice Bak,5131,29641,3,-1755,0,35020,0,0,13546,-990,-782,-1480,-1200,-3647,-4000,Wh21 St50 Cow15 Sh5 q4,Wh24 St30 Cow11 Sh5 q3,Wh21 St50 Cow15 Sh5 q4,Wh25 St30 Cow11 Sh5 q3,"NE@d6,SW@d11,SE@d12","NE@d6,SW@d11",v23_mkt3/wins/113612468_vs_Iwa-Iwa.json.gz,https://www.kaggle.com/competitions/kaggriculture/submissions?dialog=episodes-episode-113612468
v23_mkt3,113596171,W,41402,79708,38306,suminshim,658.0,1,different,own agent,0.45,0.83,0.54,Piz Pet Bak Yarn Ice Smo FM Pet,25716,36696,11984,10511,3985,3157,2644,5189,2836,-955,1622,-470,-900,1799,0,Wh24 St33 Cow8 Sh6 Go3 q3,Wh4 St40 Me8 Cow8 Sh6 q3,Wh13 Ca4 To8 St33 Cow8 Sh6 Go3 q3,Wh1 St40 Me9 Cow8 Sh6 q3,"NE@d6,SW@d11","NE@d7,SW@d10",v23_mkt3/wins/113596171_vs_suminshim.json.gz,https://www.kaggle.com/competitions/kaggriculture/submissions?dialog=episodes-episode-113596171
v23_mkt3,113601979,W,42246,178922,136676,MD Zeeshan,955.2,0,different,own agent,0.48,0.82,0.49,Piz Ice Ice Ice Ice Yarn FM Yarn,18328,41610,-604,2048,3424,-4036,2555,0,43839,-118,3007,50,-4500,581,-4000,Wh24 St33 Cow12 Sh5 q3,Wh13 St35 Me12 Cow8 Sh4 q3,Wh19 To6 St33 Cow18 Sh5 q4,Wh24 St32 Cow8 Sh4 q3,"NE@d6,SW@d11,SE@d16","NE@d6,SW@d10",v23_mkt3/wins/113601979_vs_MD-Zeeshan.json.gz,https://www.kaggle.com/competitions/kaggriculture/submissions?dialog=episodes-episode-113601979
v23_mkt3,113597343,W,47413,126869,79456,kanchana's,825.8,0,different,own agent,0.62,0.86,0.64,FM FM Bak Yarn FM Yarn Ice Bak,18490,38678,-9901,9159,20306,6906,696,-2592,1911,15505,3198,-330,-1700,4255,0,Wh24 St33 Cow6 Sh6 Go5 q3,Wh17 To1 St42 Cow4 Sh3 Go7 q3,Ca5 To18 St33 Me2 Cow6 Sh6 Go5 q3,Wh18 St41 Cow4 Sh3 Go7 q3,"NE@d6,SW@d11","NE@d6,SW@d10",v23_mkt3/wins/113597343_vs_kanchana-s.json.gz,https://www.kaggle.com/competitions/kaggriculture/submissions?dialog=episodes-episode-113597343
v23_mkt3,113595000,W,121225,149284,28059,Victor Carriço,545.2,1,different,own agent,0.42,0.8,0.23,FM Pet Bru Ice Piz Piz Pet Piz,80511,111523,-3203,9351,6493,43388,7986,8624,30401,6471,18789,-1260,-700,-1115,-4000,Wh18 Ca3 St50 Me1 Cow6 Sh6 Go5 q4,Wh10 Ca5 To4 St29 Me2 Cow3 Sh3 q3,Ca11 To10 St49 Me2 Cow10 Sh6 Go5 q4,Wh11 Ca5 To2 St28 Me1 Cow6 Sh5 q3,"NE@d6,SW@d11,SE@d12","NE@d9,SW@d11",v23_mkt3/wins/113595000_vs_Victor-Carric-o.json.gz,https://www.kaggle.com/competitions/kaggriculture/submissions?dialog=episodes-episode-113595000
v24_mkt5,113672631,L,-21474,128203,149677,Shs123,1329.0,1,copy_then_diverged,own plan from d6-11,0.83,0.96,0.74,Piz Smo Ice Piz FM Bak Smo Bru,-31805,-20190,-11447,-1676,8225,-9049,0,0,-11895,-1653,-5108,1280,300,5549,4000,Wh12 To8 St28 Cow13 Sh2 q3,Wh24 St33 Cow12 Sh5 q3,Wh2 To18 St28 Cow13 Sh2 q3,Wh25 To10 St33 Cow12 Sh5 q4,"NE@d6,SW@d11","NE@d6,SW@d11,SE@d18",v24_mkt5/losses/113672631_vs_Shs123.json.gz,https://www.kaggle.com/competitions/kaggriculture/submissions?dialog=episodes-episode-113672631
v24_mkt5,113696377,L,-6722,92137,98859,unreal,1981.5,1,copy_then_diverged,own plan from d6-11,0.42,0.91,0.19,Yarn Bak Pet Yarn Smo FM Piz Ice,-3893,-7842,7557,-11117,-404,-3830,7306,-5724,2694,7280,-1596,1080,-900,-5068,-4000,Wh24 To17 St16 Cow6 Sh17 q4,Wh12 Ca12 To14 St14 Cow7 Sh12 Go4 q3,Wh26 To13 St16 Me4 Cow6 Sh17 q4,Wh9 Ca20 To20 St4 Cow7 Sh10 Go4 q3,"NE@d6,SW@d11,SE@d12","NE@d6,SW@d9",v24_mkt5/losses/113696377_vs_unreal.json.gz,https://www.kaggle.com/competitions/kaggriculture/submissions?dialog=episodes-episode-113696377
v24_mkt5,113738072,L,-804,98280,99084,Alperen Söylen,2152.4,0,copy,copy (identical through d15),0.98,1.0,0.98,Yarn Bru Bru Bru Bak FM Bru Smo,-2324,622,3771,-2061,0,853,0,0,-11,-4420,-464,380,200,948,0,Wh24 St33 Cow6 Sh11 q3,Wh24 St33 Cow4 Sh13 q3,Wh25 St33 Cow6 Sh11 q3,Wh25 St33 Cow4 Sh13 q3,"NE@d6,SW@d11","NE@d6,SW@d11",v24_mkt5/losses/113738072_vs_Alperen-So-ylen.json.gz,https://www.kaggle.com/competitions/kaggriculture/submissions?dialog=episodes-episode-113738072
v24_mkt5,113679638,L,-262,88610,88872,Shawn404,1609.1,1,copy,own plan from d6-11,0.87,1.0,0.87,Piz Piz Bak Yarn Bru FM Smo Piz,-6503,821,3532,-2809,-2926,2840,0,313,223,24,-588,-460,0,-411,0,Wh24 St33 Cow9 Sh5 Go3 q3,Wh24 To13 St20 Cow9 Sh5 Go3 q3,Wh25 To15 St33 Cow9 Sh5 Go3 q4,Wh25 To24 St20 Cow9 Sh5 Go3 q4,"NE@d6,SW@d11,SE@d18","NE@d6,SW@d11,SE@d17",v24_mkt5/losses/113679638_vs_Shawn404.json.gz,https://www.kaggle.com/competitions/kaggriculture/submissions?dialog=episodes-episode-113679638
v24_mkt5,113703531,L,-187,80814,81001,先过我的Gemini,1892.5,1,copy,copy (identical through d15),0.96,1.0,0.96,Smo Piz Pet Piz Bak Pet Bak Pet,-5259,-1562,-1903,1589,9485,-73,0,-4862,4373,-58,-596,-750,-300,-3092,-4000,Wh24 St33 Cow12 Sh5 q3,Wh24 St33 Cow9 Sh5 Go3 q3,Wh25 To15 St33 Cow12 Sh5 q4,Wh25 St33 Cow9 Sh5 Go3 q3,"NE@d6,SW@d11,SE@d18","NE@d6,SW@d11",v24_mkt5/losses/113703531_vs_Gemini.json.gz,https://www.kaggle.com/competitions/kaggriculture/submissions?dialog=episodes-episode-113703531
v24_mkt5,113692826,W,88,64980,64892,IamDiganta.7,1875.0,0,copy,copy (identical through d15),1.0,1.0,1.0,Bak Pet Yarn Ice Pet Pet Ice Pet,-483,2993,-1274,1499,0,-147,0,112,385,-989,-41,90,0,453,0,Wh24 St33 Cow6 Sh9 Go2 q3,Wh24 St33 Cow6 Sh9 Go2 q3,Wh23 Ca2 St33 Cow6 Sh9 Go2 q3,Wh24 Ca1 St33 Cow6 Sh9 Go2 q3,"NE@d6,SW@d11","NE@d6,SW@d11",v24_mkt5/wins/113692826_vs_IamDiganta.7.json.gz,https://www.kaggle.com/competitions/kaggriculture/submissions?dialog=episodes-episode-113692826
v24_mkt5,113765278,W,335,117111,116776,jiatu.l,2167.0,1,copy,copy (identical through d15),0.99,1.0,0.99,Ice Pet Piz Ice Ice FM Bak Bak,-837,1316,1413,-1683,0,-485,0,300,1502,-85,-467,400,0,-560,0,Wh24 St32 Cow9 Sh5 Go3 q3,Wh24 St33 Cow9 Sh5 Go3 q3,Wh25 St32 Cow9 Sh5 Go3 q3,Wh25 St33 Cow9 Sh5 Go3 q3,"NE@d6,SW@d11","NE@d6,SW@d11",v24_mkt5/wins/113765278_vs_jiatu.l.json.gz,https://www.kaggle.com/competitions/kaggriculture/submissions?dialog=episodes-episode-113765278
v24_mkt5,113697495,W,502,82695,82193,Ayodeji,1860.8,1,copy,copy (identical through d15),1.0,1.0,1.0,Pet Smo FM Yarn Bak FM Smo Smo,388,2264,-1491,1230,0,185,0,460,362,-513,-147,120,0,296,0,Wh21 Ca3 St33 Cow8 Sh6 Go3 q3,Wh21 Ca3 St33 Cow8 Sh6 Go3 q3,Wh24 Ca1 St33 Cow8 Sh6 Go3 q3,Wh24 Ca1 St33 Cow8 Sh6 Go3 q3,"NE@d6,SW@d11","NE@d6,SW@d11",v24_mkt5/wins/113697495_vs_Ayodeji.json.gz,https://www.kaggle.com/competitions/kaggriculture/submissions?dialog=episodes-episode-113697495
v24_mkt5,113726066,W,792,92118,91326,Bruce,2154.7,0,copy,copy (identical through d15),1.0,1.0,1.0,Bak Ice Piz Yarn Yarn Smo Bru Pet,-141,2840,2451,-2536,0,-311,0,204,172,57,-89,420,0,424,0,Wh24 St33 Cow8 Sh6 Go3 q3,Wh24 St33 Cow8 Sh6 Go3 q3,Wh25 St33 Cow8 Sh6 Go3 q3,Wh25 St33 Cow8 Sh6 Go3 q3,"NE@d6,SW@d11","NE@d6,SW@d11",v24_mkt5/wins/113726066_vs_Bruce.json.gz,https://www.kaggle.com/competitions/kaggriculture/submissions?dialog=episodes-episode-113726066
v24_mkt5,113730844,W,870,78159,77289,Ethereal49,2126.3,0,copy,own plan from d6-11,0.88,1.0,0.96,Pet Pet Smo Bru Ice Bru Smo Pet,-304,2768,-431,42,0,304,0,375,509,-82,-375,180,0,348,0,Wh24 St33 Cow6 Sh6 Go5 q3,Wh20 Ca4 St33 Cow6 Sh6 Go5 q3,Wh24 Ca1 St33 Cow6 Sh6 Go5 q3,Wh23 Ca2 St33 Cow6 Sh6 Go5 q3,"NE@d6,SW@d11","NE@d6,SW@d11",v24_mkt5/wins/113730844_vs_Ethereal49.json.gz,https://www.kaggle.com/competitions/kaggriculture/submissions?dialog=episodes-episode-113730844
v24_mkt5,113713019,W,1005,102483,101478,7day-enough,2094.4,0,copy,copy (identical through d15),1.0,1.0,0.97,Pet Smo Smo Piz Piz Piz Bak Bak,-286,3392,-210,-419,0,-45,0,300,457,-85,12,270,0,725,0,Wh24 St33 Cow8 Sh6 Go3 q3,Wh21 Ca3 St33 Cow8 Sh6 Go3 q3,Wh24 Ca1 St33 Cow8 Sh6 Go3 q3,Wh25 St33 Cow8 Sh6 Go3 q3,"NE@d6,SW@d11","NE@d6,SW@d11",v24_mkt5/wins/113713019_vs_7day-enough.json.gz,https://www.kaggle.com/competitions/kaggriculture/submissions?dialog=episodes-episode-113713019
v24_mkt5,113744984,W,1144,101043,99899,Pand,2150.1,1,copy,copy (identical through d15),1.0,1.0,1.0,Ice Pet FM Bak Ice Ice Ice FM,12,2657,-965,1681,0,265,0,186,722,-86,-517,120,0,-262,0,Wh24 St33 Cow8 Sh6 Go3 q3,Wh24 St33 Cow8 Sh6 Go3 q3,Wh25 St33 Cow8 Sh6 Go3 q3,Wh23 Ca2 St33 Cow8 Sh6 Go3 q3,"NE@d6,SW@d11","NE@d6,SW@d11",v24_mkt5/wins/113744984_vs_Pand.json.gz,https://www.kaggle.com/competitions/kaggriculture/submissions?dialog=episodes-episode-113744984
v24_mkt5,113723682,W,1286,80239,78953,Kyle,2114.1,1,copy,copy (identical through d15),1.0,1.0,1.0,FM Bak Ice Pet Pet Smo Piz FM,364,3270,-1650,1728,0,-132,0,363,705,-64,21,150,0,165,0,Wh24 St33 Cow6 Sh6 Go5 q3,Wh24 St33 Cow6 Sh6 Go5 q3,Wh24 Ca1 St33 Cow6 Sh6 Go5 q3,Wh23 Ca2 St33 Cow6 Sh6 Go5 q3,"NE@d6,SW@d11","NE@d6,SW@d11",v24_mkt5/wins/113723682_vs_Kyle.json.gz,https://www.kaggle.com/competitions/kaggriculture/submissions?dialog=episodes-episode-113723682
v24_mkt5,113758176,W,1558,76453,74895,zeyu lau,2149.3,0,copy,copy (identical through d15),1.0,1.0,1.0,Pet Piz Bru Smo Bru Smo Bak Piz,68,2071,-1981,2658,0,110,0,306,256,-68,-276,100,0,453,0,Wh24 St33 Cow8 Sh6 Go3 q3,Wh24 St33 Cow8 Sh6 Go3 q3,Wh24 Ca1 St33 Cow8 Sh6 Go3 q3,Wh25 St33 Cow8 Sh6 Go3 q3,"NE@d6,SW@d11","NE@d6,SW@d11",v24_mkt5/wins/113758176_vs_zeyu-lau.json.gz,https://www.kaggle.com/competitions/kaggriculture/submissions?dialog=episodes-episode-113758176
v24_mkt5,113762115,W,1571,107806,106235,track,2132.8,0,copy,copy (identical through d15),1.0,1.0,1.0,Ice Yarn Piz Bru Piz Bak Ice Bru,-6702,1314,4109,-1790,7712,250,0,0,83,175,-853,-400,0,-3715,-4000,Wh24 St33 Cow6 Sh11 q3,Wh24 St33 Cow6 Sh11 q3,Wh25 To15 St33 Cow6 Sh11 q4,Wh25 St33 Cow6 Sh11 q3,"NE@d6,SW@d11,SE@d18","NE@d6,SW@d11",v24_mkt5/wins/113762115_vs_track.json.gz,https://www.kaggle.com/competitions/kaggriculture/submissions?dialog=episodes-episode-113762115
v24_mkt5,113749810,W,1618,67010,65392, Master Bob111,2204.3,1,copy,copy (identical through d15),1.0,1.0,0.99,Bak Pet Bak Piz Yarn Piz Yarn Smo,537,1973,1149,-1107,0,-54,0,536,702,433,-267,260,0,-34,0,Wh24 St33 Cow6 Sh6 Go5 q3,Wh23 St33 Cow6 Sh6 Go5 q3,Wh25 St33 Cow6 Sh6 Go5 q3,Wh25 St33 Cow6 Sh6 Go5 q3,"NE@d6,SW@d11","NE@d6,SW@d11",v24_mkt5/wins/113749810_vs_Master-Bob111.json.gz,https://www.kaggle.com/competitions/kaggriculture/submissions?dialog=episodes-episode-113749810
v24_mkt5,113674999,W,1825,67155,65330,shawnYiB,1468.0,0,copy,copy (identical through d15),1.0,1.0,1.0,Ice Bak Bak Piz Bak Pet Pet Bak,650,3283,804,-486,0,243,0,1013,127,62,-715,290,0,487,0,Wh24 St33 Cow8 Sh6 Go3 q3,Wh24 St33 Cow8 Sh6 Go3 q3,Wh25 St33 Cow8 Sh6 Go3 q3,Wh25 St33 Cow8 Sh6 Go3 q3,"NE@d6,SW@d11","NE@d6,SW@d11",v24_mkt5/wins/113674999_vs_shawnYiB.json.gz,https://www.kaggle.com/competitions/kaggriculture/submissions?dialog=episodes-episode-113674999
v24_mkt5,113721336,W,1884,90652,88768,zy,2003.7,0,copy,copy (identical through d15),1.0,1.0,1.0,Smo Bak Bru Yarn Smo Piz Pet Ice,443,3726,2763,-3041,0,943,0,440,609,24,-596,530,0,212,0,Wh24 St33 Cow8 Sh6 Go3 q3,Wh24 St33 Cow8 Sh6 Go3 q3,Wh25 St33 Cow8 Sh6 Go3 q3,Wh25 St33 Cow8 Sh6 Go3 q3,"NE@d6,SW@d11","NE@d6,SW@d11",v24_mkt5/wins/113721336_vs_zy.json.gz,https://www.kaggle.com/competitions/kaggriculture/submissions?dialog=episodes-episode-113721336
v24_mkt5,113759237,W,1919,112828,110909,BAHUMANYA R G,2174.5,1,copy,copy (identical through d15),1.0,1.0,1.0,Bru Ice Piz Ice Bak Pet Ice Bak,-556,3941,3131,-2915,0,541,0,10,878,-79,-402,420,0,335,0,Wh24 St33 Cow8 Sh6 Go3 q3,Wh24 St33 Cow8 Sh6 Go3 q3,Wh25 St33 Cow8 Sh6 Go3 q3,Wh25 St33 Cow8 Sh6 Go3 q3,"NE@d6,SW@d11","NE@d6,SW@d11",v24_mkt5/wins/113759237_vs_BAHUMANYA-R-G.json.gz,https://www.kaggle.com/competitions/kaggriculture/submissions?dialog=episodes-episode-113759237
v24_mkt5,113766410,W,2127,69026,66899,edchax,2222.1,1,copy,copy (identical through d15),1.0,1.0,1.0,Bru Bak Bak Bru Piz Bak Piz Bak,-358,3376,3589,-2316,0,-146,0,312,-52,-56,-124,420,0,500,0,Wh24 St33 Cow6 Sh6 Go5 q3,Wh24 St33 Cow6 Sh6 Go5 q3,Wh25 St33 Cow6 Sh6 Go5 q3,Wh25 St33 Cow6 Sh6 Go5 q3,"NE@d6,SW@d11","NE@d6,SW@d11",v24_mkt5/wins/113766410_vs_edchax.json.gz,https://www.kaggle.com/competitions/kaggriculture/submissions?dialog=episodes-episode-113766410
v24_mkt5,113735364,W,2210,91664,89454,mitomeat823,2221.5,1,copy,copy (identical through d15),0.96,1.0,0.96,Yarn Pet Piz Smo FM Ice Smo Bru,-8141,-1030,-1182,1983,7328,2129,0,0,212,361,-711,-750,0,-3160,-4000,Wh24 St33 Cow6 Sh11 q3,Wh24 To4 St29 Cow6 Sh11 q3,Wh21 Ca4 To15 St33 Cow6 Sh11 q4,Wh18 Ca7 To4 St29 Cow6 Sh11 q3,"NE@d6,SW@d11,SE@d18","NE@d6,SW@d11",v24_mkt5/wins/113735364_vs_mitomeat823.json.gz,https://www.kaggle.com/competitions/kaggriculture/submissions?dialog=episodes-episode-113735364
v24_mkt5,113715372,W,2240,134148,131908,lamb Liu,1937.5,0,copy,copy (identical through d15),1.0,1.0,1.0,Smo Yarn Bru Ice Smo Yarn Pet Ice,-126,4848,1903,-2293,0,418,0,0,190,1218,-395,450,0,749,0,Wh24 St33 Cow6 Sh11 q3,Wh24 St33 Cow6 Sh11 q3,Wh25 St33 Cow6 Sh11 q3,Wh25 St33 Cow6 Sh11 q3,"NE@d6,SW@d11","NE@d6,SW@d11",v24_mkt5/wins/113715372_vs_lamb-Liu.json.gz,https://www.kaggle.com/competitions/kaggriculture/submissions?dialog=episodes-episode-113715372
v24_mkt5,113701124,W,2427,71435,69008,渡邊征央,2013.6,0,copy,copy (identical through d15),1.0,1.0,1.0,Bak Bak Bak Yarn Piz Pet Yarn Yarn,357,4322,2649,-3077,0,-37,0,704,-37,1604,-332,440,0,513,0,Wh24 St33 Cow6 Sh6 Go5 q3,Wh24 St33 Cow6 Sh6 Go5 q3,Wh25 St33 Cow6 Sh6 Go5 q3,Wh25 St33 Cow6 Sh6 Go5 q3,"NE@d6,SW@d11","NE@d6,SW@d11",v24_mkt5/wins/113701124_vs_team16730045.json.gz,https://www.kaggle.com/competitions/kaggriculture/submissions?dialog=episodes-episode-113701124
v24_mkt5,113685763,W,2463,62372,59909,KoshinM,1661.2,0,copy,copy (identical through d15),1.0,1.0,1.0,Bak Pet Piz Bru Bak Ice Bru Smo,909,5091,330,122,0,331,346,117,1010,-49,-225,460,0,21,0,Wh24 St33 Cow6 Sh6 Go5 q3,Wh24 St33 Cow6 Sh6 Go5 q3,Wh25 St33 Cow6 Sh6 Go5 q3,Wh25 St33 Cow6 Sh6 Go5 q3,"NE@d6,SW@d11","NE@d6,SW@d11",v24_mkt5/wins/113685763_vs_KoshinM.json.gz,https://www.kaggle.com/competitions/kaggriculture/submissions?dialog=episodes-episode-113685763
v24_mkt5,113690454,W,2488,70648,68160,Ian Wang,1833.6,0,copy,copy (identical through d15),1.0,1.0,1.0,Yarn Bru Bak Bak Piz Bak FM Pet,103,3692,3355,-2402,0,266,0,0,-50,162,-248,420,0,985,0,Wh24 St33 Cow6 Sh11 q3,Wh24 St33 Cow6 Sh11 q3,Wh25 St33 Cow6 Sh11 q3,Wh25 St33 Cow6 Sh11 q3,"NE@d6,SW@d11","NE@d6,SW@d11",v24_mkt5/wins/113690454_vs_Ian-Wang.json.gz,https://www.kaggle.com/competitions/kaggriculture/submissions?dialog=episodes-episode-113690454
v24_mkt5,113757826,W,2592,108142,105550,kitano0104,2210.6,0,copy,copy (identical through d15),1.0,1.0,1.0,Yarn Bru Yarn Bru Ice Smo FM Ice,-1782,3660,3588,-2314,0,813,0,0,692,-2205,443,360,0,1215,0,Wh24 St33 Cow6 Sh17 q4,Wh24 St33 Cow6 Sh17 q4,Wh25 St33 Cow6 Sh17 q4,Wh25 St33 Cow6 Sh17 q4,"NE@d6,SW@d11,SE@d11","NE@d6,SW@d11,SE@d11",v24_mkt5/wins/113757826_vs_kitano0104.json.gz,https://www.kaggle.com/competitions/kaggriculture/submissions?dialog=episodes-episode-113757826
v24_mkt5,113727264,W,2634,84214,81580,Hozuma ITOBAYASHI,2124.1,0,copy,copy (identical through d15),1.0,1.0,1.0,Bak FM Piz Smo Bru Bru Yarn Ice,-433,2878,3077,-2921,1373,307,0,418,811,549,-287,150,0,-843,0,Wh24 St33 Cow6 Sh6 Go5 q3,Wh24 St33 Cow6 Sh6 Go5 q3,Wh25 To15 St33 Cow6 Sh6 Go5 q4,Wh25 To10 St33 Cow6 Sh6 Go5 q4,"NE@d6,SW@d11,SE@d18","NE@d6,SW@d11,SE@d18",v24_mkt5/wins/113727264_vs_Hozuma-ITOBAYASHI.json.gz,https://www.kaggle.com/competitions/kaggriculture/submissions?dialog=episodes-episode-113727264
v24_mkt5,113772937,W,3003,75773,72770,dddmd,2209.9,0,copy,copy (identical through d15),1.0,1.0,1.0,Pet Piz Yarn Smo FM Piz Smo Pet,-3419,866,-416,1584,5375,-1020,0,0,802,-1221,-411,-360,0,-1330,0,Wh24 St33 Cow8 Sh9 q3,Wh24 St33 Cow8 Sh9 q3,Wh23 Ca2 To20 St33 Cow8 Sh9 q4,Wh24 Ca1 To10 St33 Cow8 Sh9 q4,"NE@d6,SW@d11,SE@d18","NE@d6,SW@d11,SE@d18",v24_mkt5/wins/113772937_vs_dddmd.json.gz,https://www.kaggle.com/competitions/kaggriculture/submissions?dialog=episodes-episode-113772937
v24_mkt5,113696313,W,3032,65620,62588,Ayodeji,1875.6,1,copy,own plan from d6-11,0.87,1.0,0.93,Pet Pet Piz Bru Ice Pet FM FM,-83,4016,487,1729,0,375,0,78,-207,-67,-269,160,0,746,0,Wh21 Ca3 St33 Cow6 Sh6 Go5 q3,Wh20 Ca4 St33 Cow6 Sh6 Go5 q3,Wh24 Ca1 St33 Cow6 Sh6 Go5 q3,Wh23 Ca2 St33 Cow6 Sh6 Go5 q3,"NE@d6,SW@d11","NE@d6,SW@d11",v24_mkt5/wins/113696313_vs_Ayodeji.json.gz,https://www.kaggle.com/competitions/kaggriculture/submissions?dialog=episodes-episode-113696313
v24_mkt5,113715217,W,3113,89374,86261,ekkkcz,2092.1,0,copy,copy (identical through d15),1.0,1.0,1.0,Pet Smo Piz Pet Smo Smo Pet Smo,180,3613,-836,1040,0,1089,0,497,1381,-86,-250,160,0,118,0,Wh21 Ca3 St33 Cow8 Sh6 Go3 q3,Wh21 Ca3 St33 Cow8 Sh6 Go3 q3,Wh25 St33 Cow8 Sh6 Go3 q3,Wh25 St33 Cow8 Sh6 Go3 q3,"NE@d6,SW@d11","NE@d6,SW@d11",v24_mkt5/wins/113715217_vs_ekkkcz.json.gz,https://www.kaggle.com/competitions/kaggriculture/submissions?dialog=episodes-episode-113715217
v24_mkt5,113728679,W,3136,76636,73500,arumajiro,2160.9,0,copy,copy (identical through d15),1.0,1.0,1.0,Bru Yarn Pet Bru Piz Ice Pet Pet,619,4520,279,1695,0,438,0,0,256,-225,-236,120,0,809,0,Wh24 St33 Cow6 Sh11 q3,Wh24 St33 Cow6 Sh11 q3,Wh25 St33 Cow6 Sh11 q3,Wh25 St33 Cow6 Sh11 q3,"NE@d6,SW@d11","NE@d6,SW@d11",v24_mkt5/wins/113728679_vs_arumajiro.json.gz,https://www.kaggle.com/competitions/kaggriculture/submissions?dialog=episodes-episode-113728679
v24_mkt5,113714752,W,3207,93757,90550,Xiangyu Liu,2120.5,0,different,own agent,0.6,0.85,0.56,Ice Piz Pet FM Bru FM Pet Yarn,-5481,1414,-18173,3378,9418,-6921,9157,-105,-2474,3643,-338,-920,-200,6742,0,Wh24 St33 Cow9 Sh5 Go3 q3,Wh17 Ca3 St25 Me7 Cow11 Sh3 Go3 q3,Ca4 To16 St33 Me5 Cow9 Sh5 Go3 q3,Wh33 To3 St8 Me5 Cow11 Sh3 Go3 q3,"NE@d6,SW@d11","NE@d6,SW@d8",v24_mkt5/wins/113714752_vs_Xiangyu-Liu.json.gz,https://www.kaggle.com/competitions/kaggriculture/submissions?dialog=episodes-episode-113714752
v24_mkt5,113707176,W,3299,79538,76239,jiangnanxn,2008.2,0,copy,copy (identical through d15),1.0,1.0,1.0,Piz Yarn Yarn Bak FM Bru Smo Piz,27,5561,4589,-2077,0,777,0,0,652,-1921,-53,350,0,982,0,Wh24 St33 Cow6 Sh17 q4,Wh24 St33 Cow6 Sh17 q4,Wh25 St33 Cow6 Sh17 q4,Wh25 St33 Cow6 Sh17 q4,"NE@d6,SW@d11,SE@d11","NE@d6,SW@d11,SE@d11",v24_mkt5/wins/113707176_vs_jiangnanxn.json.gz,https://www.kaggle.com/competitions/kaggriculture/submissions?dialog=episodes-episode-113707176
v24_mkt5,113685635,W,3352,101293,97941,m_meles,1670.0,1,copy,copy (identical through d15),1.0,1.0,1.0,FM Pet Yarn Bru Pet Yarn Ice Ice,812,5917,-3430,4279,0,241,0,97,53,1478,56,180,0,398,0,Wh24 St33 Cow6 Sh9 Go2 q3,Wh24 St33 Cow6 Sh9 Go2 q3,Wh24 Ca1 St33 Cow6 Sh9 Go2 q3,Wh25 St33 Cow6 Sh9 Go2 q3,"NE@d6,SW@d11","NE@d6,SW@d11",v24_mkt5/wins/113685635_vs_m_meles.json.gz,https://www.kaggle.com/competitions/kaggriculture/submissions?dialog=episodes-episode-113685635
v24_mkt5,113716576,W,3587,108631,105044,xthixsl_ml,2101.9,0,copy_then_diverged,"copy, we diverged first (annex)",1.0,1.0,0.7,Bru Smo FM Ice Bak Piz Pet Smo,-7071,3642,-2978,-2398,4749,15362,0,108,-1852,-1026,-2479,-1310,0,-589,-4000,Wh21 St51 Cow8 Sh6 Go3 q4,Wh24 St33 Cow8 Sh6 Go3 q3,Wh13 To8 St51 Cow8 Sh5 Go3 q4,Wh25 St33 Cow8 Sh6 Go3 q3,"NE@d6,SW@d11,SE@d12","NE@d6,SW@d11",v24_mkt5/wins/113716576_vs_xthixsl_ml.json.gz,https://www.kaggle.com/competitions/kaggriculture/submissions?dialog=episodes-episode-113716576
v24_mkt5,113682140,W,3700,64501,60801,minoneru,1620.0,1,copy,copy (identical through d15),1.0,1.0,1.0,Pet Bru Bak Bak Yarn Bru Bak Bak,1461,4588,-3063,4535,0,348,346,350,38,489,-59,140,0,576,0,Wh24 St33 Cow6 Sh6 Go5 q3,Wh24 St33 Cow6 Sh6 Go5 q3,Wh25 St33 Cow6 Sh6 Go5 q3,Wh25 St33 Cow6 Sh6 Go5 q3,"NE@d6,SW@d11","NE@d6,SW@d11",v24_mkt5/wins/113682140_vs_minoneru.json.gz,https://www.kaggle.com/competitions/kaggriculture/submissions?dialog=episodes-episode-113682140
v24_mkt5,113678685,W,3708,79124,75416,Keside Onyeocha,1407.3,0,copy,copy (identical through d15),1.0,1.0,1.0,Bak Ice Bru Piz Smo Bak Pet Bru,1624,5340,4039,-2505,0,449,0,1347,81,65,-631,410,0,453,0,Wh24 St33 Cow8 Sh6 Go3 q3,Wh24 St33 Cow8 Sh6 Go3 q3,Wh25 St33 Cow8 Sh6 Go3 q3,Wh25 St33 Cow8 Sh6 Go3 q3,"NE@d6,SW@d11","NE@d6,SW@d11",v24_mkt5/wins/113678685_vs_Keside-Onyeocha.json.gz,https://www.kaggle.com/competitions/kaggriculture/submissions?dialog=episodes-episode-113678685
v24_mkt5,113699895,W,4185,83861,79676,We Forgot To Water,1932.5,0,copy,copy (identical through d15),1.0,1.0,1.0,Yarn Pet Yarn Bru Piz Pet Ice Piz,670,3852,1388,1747,0,91,0,0,665,-1051,-54,200,0,1199,0,Wh24 St33 Cow6 Sh17 q4,Wh24 St33 Cow6 Sh17 q4,Wh25 St33 Cow6 Sh17 q4,Wh21 Ca4 St33 Cow6 Sh17 q4,"NE@d6,SW@d11,SE@d11","NE@d6,SW@d11,SE@d11",v24_mkt5/wins/113699895_vs_We-Forgot-To-Water.json.gz,https://www.kaggle.com/competitions/kaggriculture/submissions?dialog=episodes-episode-113699895
v24_mkt5,113709455,W,4301,117992,113691,Tariq Alyami,1933.8,0,copy,copy (identical through d15),0.96,1.0,0.96,Ice Smo Pet Smo Bak Bru Yarn FM,406,4867,-1074,3142,0,1362,0,-4606,4513,1143,-410,10,-300,521,0,Wh24 St33 Cow12 Sh5 q3,Wh24 St33 Cow9 Sh5 Go3 q3,Wh25 St33 Cow12 Sh5 q3,Wh25 St33 Cow9 Sh5 Go3 q3,"NE@d6,SW@d11","NE@d6,SW@d11",v24_mkt5/wins/113709455_vs_Tariq-Alyami.json.gz,https://www.kaggle.com/competitions/kaggriculture/submissions?dialog=episodes-episode-113709455
v24_mkt5,113746326,W,4632,67234,62602,dev.asad67,2235.6,1,copy,copy (identical through d15),0.91,1.0,0.93,Pet Pet Pet FM Bru Smo Bak Smo,48,6191,-1823,5024,0,583,0,445,-206,-53,76,10,0,576,0,Wh24 St33 Cow6 Sh6 Go5 q3,Wh17 Ca7 St33 Cow6 Sh6 Go5 q3,Wh21 Ca4 St33 Cow6 Sh6 Go5 q3,Wh22 Ca3 St33 Cow6 Sh6 Go5 q3,"NE@d6,SW@d11","NE@d6,SW@d11",v24_mkt5/wins/113746326_vs_dev.asad67.json.gz,https://www.kaggle.com/competitions/kaggriculture/submissions?dialog=episodes-episode-113746326
v24_mkt5,113698761,W,4958,80289,75331,Benjamin H Pepper,1917.5,1,copy,copy (identical through d15),1.0,1.0,0.96,Smo Pet Pet Pet FM Bru Pet FM,-1078,9795,-1420,4910,0,389,0,34,67,-60,154,20,0,864,0,Wh21 Ca3 St33 Cow8 Sh6 Go3 q3,Wh17 Ca7 St33 Cow8 Sh6 Go3 q3,Wh24 Ca1 St33 Cow8 Sh6 Go3 q3,Wh12 Ca13 St33 Cow8 Sh6 Go3 q3,"NE@d6,SW@d11","NE@d6,SW@d11",v24_mkt5/wins/113698761_vs_Benjamin-H-Pepper.json.gz,https://www.kaggle.com/competitions/kaggriculture/submissions?dialog=episodes-episode-113698761
v24_mkt5,113703060,W,5064,105070,100006,cocoaAI,1797.5,0,copy,copy (identical through d15),1.0,1.0,1.0,Piz FM Bru Ice Yarn Smo Bak Smo,-6702,1964,3577,-2867,15353,711,0,355,512,-182,-1208,-600,0,-6587,-4000,Wh24 St33 Cow8 Sh6 Go3 q3,Wh24 St33 Cow8 Sh6 Go3 q3,Wh25 To20 St33 Cow8 Sh6 Go3 q4,Wh25 St33 Cow8 Sh6 Go3 q3,"NE@d6,SW@d11,SE@d18","NE@d6,SW@d11",v24_mkt5/wins/113703060_vs_cocoaAI.json.gz,https://www.kaggle.com/competitions/kaggriculture/submissions?dialog=episodes-episode-113703060
v24_mkt5,113694016,W,5799,124531,118732,DeeSaa,1897.6,0,copy,copy (identical through d15),1.0,1.0,1.0,Yarn Yarn FM Bru Pet Yarn Bru Smo,-115,4290,-369,2001,0,1290,0,0,28,1574,28,210,0,1037,0,Wh24 St33 Cow6 Sh17 q4,Wh24 St33 Cow6 Sh17 q4,Wh25 St33 Cow6 Sh17 q4,Wh25 St33 Cow6 Sh17 q4,"NE@d6,SW@d11,SE@d11","NE@d6,SW@d11,SE@d11",v24_mkt5/wins/113694016_vs_DeeSaa.json.gz,https://www.kaggle.com/competitions/kaggriculture/submissions?dialog=episodes-episode-113694016
v24_mkt5,113683345,W,5902,81565,75663,LittleScottyy,1606.6,0,copy,copy (identical through d15),1.0,1.0,1.0,Pet Piz Smo Pet Yarn Yarn Bru Pet,1279,6089,-3179,7046,0,-251,0,490,-39,1242,-42,-200,0,835,0,Wh24 St33 Cow8 Sh6 Go3 q3,Wh24 St33 Cow8 Sh6 Go3 q3,Wh24 Ca1 St33 Cow8 Sh6 Go3 q3,Wh25 St33 Cow8 Sh6 Go3 q3,"NE@d6,SW@d11","NE@d6,SW@d11",v24_mkt5/wins/113683345_vs_LittleScottyy.json.gz,https://www.kaggle.com/competitions/kaggriculture/submissions?dialog=episodes-episode-113683345
v24_mkt5,113749087,W,6030,96230,90200,kentaro_kato,2115.6,1,copy,copy (identical through d15),1.0,1.0,1.0,Bak Bru Ice Yarn FM Smo FM Pet,5795,8063,7306,-3180,0,153,398,946,335,-588,-225,440,0,445,0,Wh24 St33 Cow6 Sh6 Go5 q3,Wh24 St33 Cow6 Sh6 Go5 q3,Wh25 St33 Cow6 Sh6 Go5 q3,Wh25 St33 Cow6 Sh6 Go5 q3,"NE@d6,SW@d11","NE@d6,SW@d11",v24_mkt5/wins/113749087_vs_kentaro_kato.json.gz,https://www.kaggle.com/competitions/kaggriculture/submissions?dialog=episodes-episode-113749087
v24_mkt5,113725036,W,6939,101774,94835,Szymon Miłosz,2069.9,1,copy,copy (identical through d15),1.0,1.0,1.0,Piz Yarn FM Smo Bak FM FM FM,-2950,1661,-29,2182,8835,-1086,0,0,414,1135,-766,-230,0,-3516,0,Wh24 St33 Cow6 Sh11 q3,Wh24 St33 Cow6 Sh11 q3,Wh25 To20 St33 Cow6 Sh11 q4,Wh25 To10 St33 Cow6 Sh11 q4,"NE@d6,SW@d11,SE@d18","NE@d6,SW@d11,SE@d18",v24_mkt5/wins/113725036_vs_Szymon-Mi-osz.json.gz,https://www.kaggle.com/competitions/kaggriculture/submissions?dialog=episodes-episode-113725036
v24_mkt5,113722524,W,6947,88971,82024,r2singh,2076.9,1,copy,copy (identical through d15),1.0,1.0,1.0,Ice Pet Pet Ice Pet FM Smo Bru,1291,8731,-1173,7189,0,-168,0,725,439,-72,-294,0,0,301,0,Wh24 St33 Cow8 Sh6 Go3 q3,Wh24 St33 Cow8 Sh6 Go3 q3,Wh23 Ca2 St33 Cow8 Sh6 Go3 q3,Wh24 Ca1 St33 Cow8 Sh6 Go3 q3,"NE@d6,SW@d11","NE@d6,SW@d11",v24_mkt5/wins/113722524_vs_r2singh.json.gz,https://www.kaggle.com/competitions/kaggriculture/submissions?dialog=episodes-episode-113722524
v24_mkt5,113714206,W,6997,106041,99044,MKhlystun,2036.1,1,copy_then_diverged,"copy, we diverged first (annex)",1.0,1.0,0.68,FM Ice Bru Pet Pet FM Ice Bru,-6211,5571,-12483,9229,9434,13480,0,544,-1667,-1005,-1906,-1770,0,-2859,-4000,Wh28 To2 St42 Cow8 Sh6 Go3 q4,Wh24 St33 Cow8 Sh6 Go3 q3,Ca14 To16 St42 Cow8 Sh6 Go3 q4,Wh23 Ca2 St33 Cow8 Sh6 Go3 q3,"NE@d6,SW@d11,SE@d12","NE@d6,SW@d11",v24_mkt5/wins/113714206_vs_MKhlystun.json.gz,https://www.kaggle.com/competitions/kaggriculture/submissions?dialog=episodes-episode-113714206
v24_mkt5,113729658,W,7303,101872,94569,HUNGRED XYIS,2135.2,1,copy,copy (identical through d15),1.0,1.0,1.0,Piz Piz Bru Pet Smo FM Piz Bru,-2602,2681,-1498,-354,10235,-425,0,-215,1534,-80,-389,-230,0,-1275,0,Wh24 St33 Cow9 Sh5 Go3 q3,Wh24 St33 Cow9 Sh5 Go3 q3,Wh25 To20 St33 Cow9 Sh5 Go3 q4,Wh25 To10 St33 Cow9 Sh5 Go3 q4,"NE@d6,SW@d11,SE@d18","NE@d6,SW@d11,SE@d18",v24_mkt5/wins/113729658_vs_HUNGRED-XYIS.json.gz,https://www.kaggle.com/competitions/kaggriculture/submissions?dialog=episodes-episode-113729658
v24_mkt5,113677394,W,8360,126068,117708,shawnYiB,1463.5,0,copy,copy (identical through d15),1.0,1.0,1.0,Yarn Bru Bru Yarn Yarn FM Smo Smo,2226,9090,7368,-1754,0,-129,0,0,96,718,-999,340,0,2720,0,Wh24 St33 Cow6 Sh17 q4,Wh24 St33 Cow6 Sh17 q4,Wh25 St33 Cow6 Sh17 q4,Wh25 St33 Cow6 Sh17 q4,"NE@d6,SW@d11,SE@d12","NE@d6,SW@d11,SE@d12",v24_mkt5/wins/113677394_vs_shawnYiB.json.gz,https://www.kaggle.com/competitions/kaggriculture/submissions?dialog=episodes-episode-113677394
v24_mkt5,113679763,W,10130,74617,64487,Sophie555,1549.9,0,copy,copy (identical through d15),0.95,1.0,0.95,Pet Yarn Bak Pet Ice Smo Yarn Piz,6137,13117,-6904,8764,0,-5,-47,0,1032,6653,325,-240,-500,1052,0,Wh24 St33 Cow6 Sh11 q3,Wh24 St33 Cow6 Sh10 q3,Wh14 Ca9 St33 Cow6 Sh11 q3,Wh25 St33 Cow6 Sh10 q3,"NE@d6,SW@d11","NE@d6,SW@d11",v24_mkt5/wins/113679763_vs_Sophie555.json.gz,https://www.kaggle.com/competitions/kaggriculture/submissions?dialog=episodes-episode-113679763
v24_mkt5,113672619,W,10737,102184,91447,SixGODD,1316.3,1,copy,copy (identical through d15),0.98,1.0,0.98,Bak Bru Ice Bru Yarn Bru Yarn Pet,3182,13191,8906,-2105,0,350,0,5929,-805,-297,-1338,410,200,-513,0,Wh24 St33 Cow6 Sh6 Go5 q3,Wh24 St33 Cow8 Sh6 Go3 q3,Wh25 St33 Cow6 Sh6 Go5 q3,Wh25 St33 Cow8 Sh6 Go3 q3,"NE@d6,SW@d11","NE@d6,SW@d11",v24_mkt5/wins/113672619_vs_SixGODD.json.gz,https://www.kaggle.com/competitions/kaggriculture/submissions?dialog=episodes-episode-113672619
v24_mkt5,113692779,W,11329,136519,125190,Cherie01,1828.9,0,copy_then_diverged,"copy, we diverged first (annex)",0.98,0.99,0.63,Yarn Piz Ice Piz Yarn Bak Yarn Pet,581,11306,-12053,-1545,8391,-1805,0,0,23370,-2543,2812,180,-2800,1322,-4000,Wh14 To8 St33 Cow12 Sh11 q4,Wh24 St33 Cow5 Sh11 q3,Wh8 To14 St33 Cow12 Sh11 q4,Wh25 St33 Cow5 Sh11 q3,"NE@d6,SW@d11,SE@d12","NE@d6,SW@d11",v24_mkt5/wins/113692779_vs_Cherie01.json.gz,https://www.kaggle.com/competitions/kaggriculture/submissions?dialog=episodes-episode-113692779
v24_mkt5,113684725,W,11459,115854,104395,Oliver #2,1701.8,1,copy,copy (identical through d15),0.95,1.0,0.95,Yarn FM FM FM Smo Bak Smo Pet,1108,14206,-2426,4432,8967,-341,-47,0,830,4475,-443,-320,-500,-3168,0,Wh24 St33 Cow6 Sh11 q3,Wh24 St33 Cow6 Sh10 q3,Wh23 Ca2 To20 St33 Cow6 Sh11 q4,Wh25 To10 St33 Cow6 Sh10 q4,"NE@d6,SW@d11,SE@d16","NE@d6,SW@d11,SE@d18",v24_mkt5/wins/113684725_vs_Oliver-2.json.gz,https://www.kaggle.com/competitions/kaggriculture/submissions?dialog=episodes-episode-113684725
v24_mkt5,113738813,W,13068,120719,107651,Xiangjiang Zhou,2089.5,1,copy_then_diverged,"copy, we diverged first (annex)",1.0,1.0,0.65,FM Smo Bru Piz Smo FM Bru Piz,-1715,13424,-5642,-493,6092,16283,0,97,-793,-996,-1750,-950,0,1220,0,Wh20 To10 St42 Cow8 Sh6 Go3 q4,Wh24 St33 Cow8 Sh6 Go3 q3,Wh10 To20 St42 Cow8 Sh6 Go3 q4,Wh25 To10 St33 Cow8 Sh6 Go3 q4,"NE@d6,SW@d11,SE@d12","NE@d6,SW@d11,SE@d18",v24_mkt5/wins/113738813_vs_Xiangjiang-Zhou.json.gz,https://www.kaggle.com/competitions/kaggriculture/submissions?dialog=episodes-episode-113738813
v24_mkt5,113688090,W,14663,93856,79193,Kashyapsinh gohil,1878.5,0,copy,copy (identical through d15),0.93,0.98,0.93,Yarn Smo Bak FM Bak Pet Bru Smo,12155,15640,-1514,251,0,4664,0,0,6603,1948,2667,-40,-900,984,0,Wh24 St33 Cow6 Sh11 q3,Wh24 St29 Cow4 Sh10 q3,Wh25 St33 Cow6 Sh11 q3,Wh25 St29 Cow4 Sh10 q3,"NE@d6,SW@d11","NE@d6,SW@d11",v24_mkt5/wins/113688090_vs_Kashyapsinh-gohil.json.gz,https://www.kaggle.com/competitions/kaggriculture/submissions?dialog=episodes-episode-113688090
v24_mkt5,113691638,W,15480,74974,59494,tablecables,1816.7,1,copy,copy (identical through d15),0.9,0.98,0.9,Bak Ice Piz Pet Pet Pet Bak Bru,12255,16630,-5367,2679,0,842,0,5326,7184,788,4822,70,-1500,636,0,Wh24 St33 Cow9 Sh5 Go3 q3,Wh24 St33 Cow9 Sh3 q3,Wh25 St33 Cow9 Sh5 Go3 q3,Wh25 St33 Cow9 Sh3 q3,"NE@d6,SW@d11","NE@d6,SW@d11",v24_mkt5/wins/113691638_vs_tablecables.json.gz,https://www.kaggle.com/competitions/kaggriculture/submissions?dialog=episodes-episode-113691638
v24_mkt5,113708263,W,15640,124137,108497,NIklitaCheporev,1916.2,1,copy,copy (identical through d15),0.96,0.99,0.96,Piz Smo Pet Ice Piz Piz Bru Ice,5712,14128,-541,-359,5721,1352,0,0,10002,-60,1075,-440,0,-1110,0,Wh24 St33 Cow12 Sh5 q3,Wh24 St30 Cow11 Sh5 q3,Wh25 To20 St33 Cow12 Sh5 q4,Wh25 To10 St30 Cow11 Sh5 q4,"NE@d6,SW@d11,SE@d18","NE@d6,SW@d11,SE@d18",v24_mkt5/wins/113708263_vs_NIklitaCheporev.json.gz,https://www.kaggle.com/competitions/kaggriculture/submissions?dialog=episodes-episode-113708263
v24_mkt5,113697572,W,16871,125689,108818,lihaha.36,1983.0,1,copy_then_diverged,"copy, we diverged first (annex)",1.0,1.0,0.7,Bru Bru Smo Bru Pet Smo Smo Yarn,-3724,12083,1042,-1042,0,27324,0,-100,-792,-329,-3266,-1060,0,-906,-4000,Wh21 St51 Cow6 Sh6 Go5 q4,Wh24 St33 Cow6 Sh6 Go5 q3,Wh21 St51 Cow5 Sh6 Go5 q4,Wh25 St33 Cow6 Sh6 Go5 q3,"NE@d6,SW@d11,SE@d12","NE@d6,SW@d11",v24_mkt5/wins/113697572_vs_lihaha.36.json.gz,https://www.kaggle.com/competitions/kaggriculture/submissions?dialog=episodes-episode-113697572
v24_mkt5,113705891,W,18446,80132,61686,Sam-wiz,1965.6,0,copy,copy (identical through d15),0.95,0.98,0.95,Pet Bak Piz Smo Pet FM FM Ice,15468,20568,3497,0,0,1234,0,307,9542,753,3482,-50,-900,581,0,Wh24 St33 Cow6 Sh6 Go5 q3,Wh24 St31 Cow4 Sh5 Go5 q3,Wh23 Ca2 St33 Cow6 Sh6 Go5 q3,Wh22 Ca3 St31 Cow4 Sh5 Go5 q3,"NE@d6,SW@d11","NE@d6,SW@d11",v24_mkt5/wins/113705891_vs_Sam-wiz.json.gz,https://www.kaggle.com/competitions/kaggriculture/submissions?dialog=episodes-episode-113705891
v24_mkt5,113695298,W,19606,101559,81953,kou,1903.2,0,copy,copy (identical through d15),0.93,0.98,0.93,Yarn FM Bak Piz Piz Piz Bak Bru,7067,16934,1703,-2385,6412,2223,0,0,12718,1926,3129,-460,-900,-4760,0,Wh24 St33 Cow6 Sh11 q3,Wh24 St30 Cow3 Sh10 q3,Wh25 To20 St33 Cow6 Sh11 q4,Wh25 To10 St30 Cow3 Sh10 q4,"NE@d6,SW@d11,SE@d18","NE@d6,SW@d11,SE@d18",v24_mkt5/wins/113695298_vs_kou.json.gz,https://www.kaggle.com/competitions/kaggriculture/submissions?dialog=episodes-episode-113695298
v24_mkt5,113718950,W,20228,95089,74861,H IMedit,2057.8,0,copy,own plan from d6-11,0.89,0.98,0.89,Bak Smo Ice Pet Bru Bak Ice Bru,14795,20803,-3841,-396,0,5443,0,6016,7730,795,5320,300,-1500,361,0,Wh24 St33 Cow9 Sh5 Go3 q3,Wh24 St32 Cow9 Sh3 q3,Wh25 St33 Cow9 Sh5 Go3 q3,Wh25 St32 Cow9 Sh3 q3,"NE@d6,SW@d11","NE@d6,SW@d11",v24_mkt5/wins/113718950_vs_H-IMedit.json.gz,https://www.kaggle.com/competitions/kaggriculture/submissions?dialog=episodes-episode-113718950
v24_mkt5,113738657,W,20229,142149,121920,Hawksartelier,2118.8,1,copy_then_diverged,"copy, we diverged first (annex)",1.0,1.0,0.7,Smo Smo Bru FM FM FM Bru Piz,-6605,16754,-10345,986,8656,32076,0,187,-1622,-999,-1637,-1790,0,-1283,-4000,Wh21 St51 Cow9 Sh5 Go3 q4,Wh24 St33 Cow9 Sh5 Go3 q3,Wh8 Ca1 To12 St51 Cow9 Sh5 Go3 q4,Wh25 St33 Cow9 Sh5 Go3 q3,"NE@d6,SW@d11,SE@d12","NE@d6,SW@d11",v24_mkt5/wins/113738657_vs_Hawksartelier.json.gz,https://www.kaggle.com/competitions/kaggriculture/submissions?dialog=episodes-episode-113738657
v24_mkt5,113704678,W,20568,108866,88298,wuyan-nox,1902.0,1,copy,copy (identical through d15),0.91,0.98,0.91,Yarn FM Piz Ice Bak Pet Bru Ice,6854,17352,-2534,1115,10582,6486,0,0,9668,2695,2215,-1130,-900,-3629,-4000,Wh24 St33 Cow6 Sh11 q3,Wh24 St27 Cow4 Sh10 q3,Wh25 To15 St33 Cow6 Sh11 q4,Wh25 St27 Cow4 Sh10 q3,"NE@d6,SW@d11,SE@d18","NE@d6,SW@d11",v24_mkt5/wins/113704678_vs_wuyan-nox.json.gz,https://www.kaggle.com/competitions/kaggriculture/submissions?dialog=episodes-episode-113704678
v24_mkt5,113717775,W,21215,91199,69984,Zhu Liang,2180.6,1,copy,copy (identical through d15),0.93,0.98,0.9,Pet Piz Smo FM FM Bak Ice Ice,10686,16756,-6612,2849,8022,2299,0,0,11052,932,6110,-480,-2200,-757,0,Wh21 Ca3 St33 Cow12 Sh5 q3,Wh24 St33 Cow8 Sh3 q3,Wh25 To20 St33 Cow12 Sh5 q4,Wh23 Ca2 To10 St33 Cow8 Sh3 q4,"NE@d6,SW@d11,SE@d18","NE@d6,SW@d11,SE@d18",v24_mkt5/wins/113717775_vs_Zhu-Liang.json.gz,https://www.kaggle.com/competitions/kaggriculture/submissions?dialog=episodes-episode-113717775
v24_mkt5,113703487,W,22107,119809,97702,neuro168,1991.0,0,copy,copy (identical through d15),0.94,0.98,0.94,Pet Bru Smo Yarn Smo Bru Yarn FM,15246,20666,-3648,668,0,5076,0,670,6509,10533,3726,-50,-1400,23,0,Wh24 St33 Cow6 Sh6 Go5 q3,Wh24 St31 Cow4 Sh4 Go5 q3,Wh24 Ca1 St33 Cow6 Sh6 Go5 q3,Wh23 Ca2 St31 Cow4 Sh4 Go5 q3,"NE@d6,SW@d11","NE@d6,SW@d11",v24_mkt5/wins/113703487_vs_neuro168.json.gz,https://www.kaggle.com/competitions/kaggriculture/submissions?dialog=episodes-episode-113703487
v24_mkt5,113710667,W,22213,115149,92936,tera358,1920.0,0,copy_then_diverged,"copy, we diverged first (annex)",0.94,0.98,0.64,Bru Bru Bak Smo Ice Bak FM Yarn,9449,21820,5715,-1566,0,20251,0,412,4918,814,101,-1000,-1400,-2032,-4000,Wh30 St42 Cow6 Sh6 Go5 q4,Wh24 St31 Cow4 Sh4 Go5 q3,Wh29 St42 Cow6 Sh4 Go5 q4,Wh25 St31 Cow4 Sh4 Go5 q3,"NE@d6,SW@d11,SE@d12","NE@d6,SW@d11",v24_mkt5/wins/113710667_vs_tera358.json.gz,https://www.kaggle.com/competitions/kaggriculture/submissions?dialog=episodes-episode-113710667
v24_mkt5,113686911,W,23380,107551,84171,Kim Jinseo,1741.2,1,copy,copy (identical through d15),0.93,0.98,0.93,Bak Smo FM Yarn Piz Piz Ice Piz,11479,23628,-922,-2730,4834,2808,0,301,12734,3046,4573,-50,-1300,86,0,Wh24 St33 Cow8 Sh6 Go3 q3,Wh24 St30 Cow5 Sh5 Go3 q3,Wh25 To15 St33 Cow8 Sh6 Go3 q4,Wh25 To10 St30 Cow5 Sh5 Go3 q4,"NE@d6,SW@d11,SE@d18","NE@d6,SW@d11,SE@d18",v24_mkt5/wins/113686911_vs_Kim-Jinseo.json.gz,https://www.kaggle.com/competitions/kaggriculture/submissions?dialog=episodes-episode-113686911
v24_mkt5,113720132,W,23706,114572,90866,kirito83,2106.8,1,copy,copy (identical through d15),0.91,0.98,0.92,Pet Smo Bru Piz Ice Pet Ice Pet,16709,23421,-4250,581,0,6214,0,360,17094,761,4777,-20,-1800,-11,0,Wh24 St33 Cow8 Sh6 Go3 q3,Wh24 St30 Cow5 Sh4 Go3 q3,Wh23 Ca2 St33 Cow8 Sh6 Go3 q3,Wh23 Ca2 St30 Cow5 Sh4 Go3 q3,"NE@d6,SW@d11","NE@d6,SW@d11",v24_mkt5/wins/113720132_vs_kirito83.json.gz,https://www.kaggle.com/competitions/kaggriculture/submissions?dialog=episodes-episode-113720132
v24_mkt5,113670301,W,23941,88230,64289,chris,1021.2,1,different,own agent,0.56,0.85,0.65,FM Ice Bak Pet Pet Smo Smo Bak,18158,25599,-5912,16369,-2213,-1674,6586,1816,7460,-3128,1564,-890,-100,4063,0,Wh24 St33 Cow8 Sh6 Go3 q3,Wh14 To6 St37 Cow11 Sh4 Go2 q3,Ca20 To2 St33 Me3 Cow8 Sh6 Go3 q3,Wh20 To2 St34 Cow11 Sh4 Go2 q3,"NE@d6,SW@d11","NE@d6,SW@d10",v24_mkt5/wins/113670301_vs_chris.json.gz,https://www.kaggle.com/competitions/kaggriculture/submissions?dialog=episodes-episode-113670301
v24_mkt5,113680983,W,24131,150953,126822,LoveLetter,1614.2,0,copy,copy (identical through d15),1.0,1.0,1.0,Piz Smo Piz Piz FM FM Smo Pet,-1699,30885,3993,-1678,21854,-564,0,0,2782,-41,-281,-180,0,-1754,0,Wh24 St33 Cow12 Sh5 q3,Wh24 St33 Cow12 Sh5 q3,Wh25 To20 St33 Cow12 Sh5 q4,Wh25 To10 St33 Cow12 Sh5 q4,"NE@d6,SW@d11,SE@d16","NE@d6,SW@d11,SE@d18",v24_mkt5/wins/113680983_vs_LoveLetter.json.gz,https://www.kaggle.com/competitions/kaggriculture/submissions?dialog=episodes-episode-113680983
v24_mkt5,113724932,W,24187,124911,100724,TY0912,2075.0,1,copy,copy (identical through d15),0.94,0.98,0.93,Bru Yarn Smo Pet Ice Ice FM Ice,14992,21702,-2094,1670,0,5696,0,0,15654,1303,3212,-40,-1300,86,0,Wh23 St33 Cow6 Sh11 q3,Wh24 St31 Cow3 Sh10 q3,Wh25 St33 Cow6 Sh11 q3,Wh25 St31 Cow3 Sh10 q3,"NE@d6,SW@d11","NE@d6,SW@d11",v24_mkt5/wins/113724932_vs_TY0912.json.gz,https://www.kaggle.com/competitions/kaggriculture/submissions?dialog=episodes-episode-113724932
v24_mkt5,113671458,W,24532,74786,50254,ChrisXie,1109.9,0,copy_then_diverged,own plan from d6-11,0.74,1.0,0.75,Pet Bak Piz FM Piz FM Ice Ice,15743,22616,-11927,16539,19034,-4024,2492,9168,-3695,119,-2737,-790,700,-347,0,Wh24 To17 St16 Cow6 Sh6 Go5 q3,Wh24 St30 Cow9 Sh8 q3,Ca10 To29 St16 Me3 Cow6 Sh6 Go5 q3,Wh25 St30 Cow9 Sh8 q3,"NE@d6,SW@d11","NE@d6,SW@d11",v24_mkt5/wins/113671458_vs_ChrisXie.json.gz,https://www.kaggle.com/competitions/kaggriculture/submissions?dialog=episodes-episode-113671458
v24_mkt5,113673822,W,25013,100449,75436,M4nd4l0r14n,1201.4,1,copy,copy (identical through d15),0.94,1.0,0.95,FM FM Piz Smo Pet Bak Bak Bak,-4135,27596,-1633,7119,26222,-1178,0,4349,-938,294,-460,-990,100,-3872,-4000,Wh24 St33 Cow6 Sh6 Go5 q3,Wh24 St33 Cow8 Sh5 Go3 q3,Wh23 Ca2 To20 St33 Cow6 Sh6 Go5 q4,Wh25 St33 Cow8 Sh5 Go3 q3,"NE@d6,SW@d11,SE@d16","NE@d6,SW@d11",v24_mkt5/wins/113673822_vs_M4nd4l0r14n.json.gz,https://www.kaggle.com/competitions/kaggriculture/submissions?dialog=episodes-episode-113673822
v24_mkt5,113711821,W,25058,129728,104670,Jet,2027.6,1,copy,copy (identical through d15),0.92,0.98,0.92,Ice Smo Bak Piz FM FM Pet Yarn,18513,26598,-2999,-264,0,7702,0,0,16208,1804,3888,90,-1300,-71,0,Wh24 St33 Cow12 Sh5 q3,Wh24 St30 Cow9 Sh4 q3,Wh25 St33 Cow12 Sh5 q3,Wh25 St30 Cow9 Sh4 q3,"NE@d6,SW@d11","NE@d6,SW@d11",v24_mkt5/wins/113711821_vs_Jet.json.gz,https://www.kaggle.com/competitions/kaggriculture/submissions?dialog=episodes-episode-113711821
v24_mkt5,113728185,W,25547,101726,76179,JAZ COLD HORN,2032.5,1,copy,copy (identical through d15),0.9,0.98,0.9,Bak Piz Smo Yarn Ice Yarn Yarn Yarn,17121,25669,-1464,-2288,0,1440,0,5291,8019,10385,4876,380,-1500,408,0,Wh24 St33 Cow9 Sh5 Go3 q3,Wh24 St33 Cow9 Sh3 q3,Wh25 St33 Cow9 Sh5 Go3 q3,Wh25 St33 Cow9 Sh3 q3,"NE@d6,SW@d11","NE@d6,SW@d11",v24_mkt5/wins/113728185_vs_JAZ-COLD-HORN.json.gz,https://www.kaggle.com/competitions/kaggriculture/submissions?dialog=episodes-episode-113728185
v24_mkt5,113687103,W,25875,135932,110057,Harm Buisman,1650.4,1,copy,copy (identical through d15),0.93,0.98,0.93,Smo Bak FM Yarn Ice Smo Ice FM,15985,27733,-1075,-2311,0,7461,0,155,15750,3402,3819,160,-1300,-186,0,Wh24 St33 Cow8 Sh6 Go3 q3,Wh24 St30 Cow5 Sh5 Go3 q3,Wh25 St33 Cow8 Sh6 Go3 q3,Wh25 St30 Cow5 Sh5 Go3 q3,"NE@d6,SW@d11","NE@d6,SW@d11",v24_mkt5/wins/113687103_vs_Harm-Buisman.json.gz,https://www.kaggle.com/competitions/kaggriculture/submissions?dialog=episodes-episode-113687103
v24_mkt5,113689280,W,26183,121324,95141,Vsevolod Rakita,1819.4,1,copy,copy (identical through d15),0.94,0.98,0.91,FM Pet FM Piz Smo Piz Ice Ice,7086,28743,-4569,1947,14673,5185,0,602,9370,791,4089,-630,-1400,-3875,0,Wh21 Ca3 St33 Cow6 Sh6 Go5 q3,Wh24 St31 Cow4 Sh4 Go5 q3,Wh25 To20 St33 Cow6 Sh6 Go5 q4,Wh23 Ca2 To10 St31 Cow4 Sh4 Go5 q4,"NE@d6,SW@d11,SE@d16","NE@d6,SW@d11,SE@d18",v24_mkt5/wins/113689280_vs_Vsevolod-Rakita.json.gz,https://www.kaggle.com/competitions/kaggriculture/submissions?dialog=episodes-episode-113689280
v24_mkt5,113666897,W,27324,76645,49321,炫酷的小克里斯,861.8,0,different,own agent,0.47,0.82,0.48,Bak FM Piz Bak Bru Ice Pet Smo,15294,20838,-190,1644,10327,-3286,2555,10279,2266,-961,1776,30,-1700,4584,0,Wh24 St33 Cow6 Sh6 Go5 q3,Wh13 St36 Me12 Cow8 Sh4 q3,Wh9 To16 St33 Cow6 Sh6 Go5 q3,Wh24 St33 Cow8 Sh4 q3,"NE@d6,SW@d11","NE@d6,SW@d10",v24_mkt5/wins/113666897_vs_team16709300.json.gz,https://www.kaggle.com/competitions/kaggriculture/submissions?dialog=episodes-episode-113666897
v24_mkt5,113669130,W,28687,110890,82203,kaneko takafumi,1042.7,0,different,own agent,0.51,0.87,0.46,Yarn Bru Piz FM Piz Pet Bru Bru,16825,24551,-8114,-1146,2394,26971,4866,0,4000,-4124,-385,-690,600,4315,0,Wh24 St33 Cow6 Sh11 q3,Wh28 To12 St13 Cow5 Sh11 q3,Wh8 To16 St33 Me1 Cow6 Sh11 q3,Wh30 Ca3 To11 St9 Cow5 Sh11 q3,"NE@d6,SW@d11","NE@d6,SW@d9",v24_mkt5/wins/113669130_vs_kaneko-takafumi.json.gz,https://www.kaggle.com/competitions/kaggriculture/submissions?dialog=episodes-episode-113669130
v24_mkt5,113667973,W,38029,108837,70808,lty,772.5,0,different,own agent,0.63,0.87,0.62,Smo Pet FM Bru Bru Yarn Bak FM,28876,35574,1925,15251,791,1975,3137,5450,3554,-2640,2625,-250,-900,7111,0,Wh24 St33 Cow8 Sh6 Go3 q3,Wh7 St41 Me12 Cow8 Sh6 q3,Ca23 To2 St33 Cow8 Sh6 Go3 q3,Wh7 St41 Me12 Cow8 Sh6 q3,"NE@d6,SW@d11","NE@d7,SW@d11",v24_mkt5/wins/113667973_vs_lty.json.gz,https://www.kaggle.com/competitions/kaggriculture/submissions?dialog=episodes-episode-113667973
v24_mkt5,113664496,W,39402,117625,78223,Faris Abqari,713.3,0,different,own agent,0.62,0.87,0.61,Bak Ice Bru Bru Smo Smo FM FM,39282,36914,17045,1911,0,-3038,3128,6318,2137,680,3475,650,-900,7996,0,Wh24 St33 Cow8 Sh6 Go3 q3,Wh7 St40 Me12 Cow8 Sh6 q3,Wh25 St33 Cow8 Sh6 Go3 q3,Wh7 St40 Me12 Cow8 Sh6 q3,"NE@d6,SW@d11","NE@d7,SW@d11",v24_mkt5/wins/113664496_vs_Faris-Abqari.json.gz,https://www.kaggle.com/competitions/kaggriculture/submissions?dialog=episodes-episode-113664496
v24_mkt5,113702310,W,44734,185232,140498,Inzilbêth,1915.7,0,copy_then_diverged,"copy, we diverged first (annex)",0.92,0.98,0.62,Smo Smo Ice Yarn Bru Smo Yarn Smo,20338,43630,-943,-1842,0,23622,0,0,22363,14811,4068,-1070,-3300,-8975,-4000,Wh28 St44 Cow12 Sh9 q4,Wh24 St30 Cow9 Sh4 q3,Wh28 St44 Cow12 Sh9 q4,Wh25 St30 Cow9 Sh4 q3,"NE@d6,SW@d11,SE@d12","NE@d6,SW@d11",v24_mkt5/wins/113702310_vs_Inzilbe-th.json.gz,https://www.kaggle.com/competitions/kaggriculture/submissions?dialog=episodes-episode-113702310
v24_mkt5,113699947,W,47611,165079,117468,RAVEN,1992.0,0,copy_then_diverged,"copy, we diverged first (annex)",0.93,0.98,0.6,Smo FM FM Piz Ice Piz Yarn Bru,17494,43581,-16483,556,10158,22870,0,326,33204,49,4972,-1400,-3300,-3341,0,Wh18 To10 St44 Cow8 Sh6 Go3 q4,Wh24 St30 Cow5 Sh5 Go3 q3,Wh1 Ca2 To24 St44 Cow13 Sh6 Go3 q4,Wh25 To10 St30 Cow5 Sh5 Go3 q4,"NE@d6,SW@d11,SE@d12","NE@d6,SW@d11,SE@d18",v24_mkt5/wins/113699947_vs_RAVEN.json.gz,https://www.kaggle.com/competitions/kaggriculture/submissions?dialog=episodes-episode-113699947
v24_mkt5,113676198,W,52646,123606,70960,XJHya233,1317.1,0,copy_then_diverged,own plan from d6-11,0.52,1.0,0.53,Yarn Yarn Yarn Yarn Pet Bak Piz Bru,24953,38984,-3779,5654,4976,-2172,624,-4553,157,67200,824,60,-6800,-5545,-4000,Wh24 To16 St16 Cow6 Sh17 q4,Wh24 St33 Cow8 Sh6 Go3 q3,Wh23 Ca4 To13 St16 Me2 Cow6 Sh21 q4,Wh25 St33 Cow8 Sh6 Go3 q3,"NE@d6,SW@d11,SE@d11","NE@d6,SW@d11",v24_mkt5/wins/113676198_vs_XJHya233.json.gz,https://www.kaggle.com/competitions/kaggriculture/submissions?dialog=episodes-episode-113676198
v24_mkt5,113665665,W,59973,139691,79718,RLMAX,749.6,1,copy_then_diverged,own plan from d6-11,0.58,0.91,0.59,Piz Yarn Bru Smo Yarn Yarn Pet Bru,35923,56644,11384,1743,4030,-190,1774,0,-191,43059,3618,1050,-4700,2396,-4000,Wh24 To4 St29 Cow6 Sh11 q3,Wh7 St42 Me12 Cow8 Sh6 q3,Wh26 To4 St29 Cow6 Sh15 q4,Wh14 St42 Me4 Cow8 Sh6 q3,"NE@d6,SW@d11,SE@d16","NE@d7,SW@d11",v24_mkt5/wins/113665665_vs_RLMAX.json.gz,https://www.kaggle.com/competitions/kaggriculture/submissions?dialog=episodes-episode-113665665
v24_mkt5,113663377,W,84313,121453,37140,levr hang,568.0,1,different,own agent,0.33,0.88,0.36,Pet Pet Ice Ice Yarn Piz Pet Bru,53015,77119,-3456,20362,1669,12995,8276,7470,26530,7765,10410,-1110,-3600,-998,-2000,Wh20 Ca4 To4 St29 Cow6 Sh6 Go5 q3,Wh6 Ca3 St27 Cow2 Sh5 q2,Ca26 St29 Me3 Cow6 Sh6 Go5 q3,Wh2 Ca4 St27 Cow2 Sh5 q2,"NE@d6,SW@d11",NE@d9,v24_mkt5/wins/113663377_vs_levr-hang.json.gz,https://www.kaggle.com/competitions/kaggriculture/submissions?dialog=episodes-episode-113663377
